Date,Open,High,Low,Close
14-December-2015,,,,546.67,
15-December-2015,,,,549.81,
16-December-2015,,,,553.09,
17-December-2015,,,,559.06,
18-December-2015,,,,556.89,
21-December-2015,,,,561.51,
22-December-2015,,,,558.45,
23-December-2015,,,,560.92,
24-December-2015,,,,561.93,
28-December-2015,,,,564.64,
29-December-2015,,,,564.96,
30-December-2015,,,,562.59,
31-December-2015,,,,566.52,
1-January-2016,,,,568.02,
4-January-2016,,,,562.16,
5-January-2016,,,,563.39,
6-January-2016,,,,561.15,
7-January-2016,,,,548.65,
8-January-2016,,,,551.16,
11-January-2016,,,,547.13,
12-January-2016,,,,544.42,
13-January-2016,,,,544.40,
14-January-2016,,,,543.00,
15-January-2016,,,,535.96,
18-January-2016,,,,529.12,
19-January-2016,,,,530.82,
20-January-2016,,,,522.95,
21-January-2016,,,,518.98,
22-January-2016,,,,529.21,
25-January-2016,,,,528.45,
27-January-2016,,,,531.34,
28-January-2016,,,,532.25,
29-January-2016,,,,542.33,
1-February-2016,,,,543.55,
2-February-2016,,,,538.94,
3-February-2016,,,,532.26,
4-February-2016,,,,533.98,
5-February-2016,,,,539.77,
8-February-2016,,,,533.92,
9-February-2016,,,,529.38,
10-February-2016,,,,526.95,
11-February-2016,,,,511.04,
12-February-2016,,,,510.87,
15-February-2016,,,,522.13,
16-February-2016,,,,515.67,
17-February-2016,,,,516.89,
18-February-2016,,,,523.42,
19-February-2016,,,,524.91,
22-February-2016,,,,527.25,
23-February-2016,,,,518.38,
24-February-2016,,,,513.14,
25-February-2016,,,,507.63,
26-February-2016,,,,508.62,
29-February-2016,,,,506.53,
1-March-2016,,,,519.09,
2-March-2016,,,,525.75,
3-March-2016,,,,530.88,
4-March-2016,,,,533.32,
8-March-2016,,,,532.67,
9-March-2016,,,,535.99,
10-March-2016,,,,533.08,
11-March-2016,,,,533.72,
14-March-2016,,,,533.55,
15-March-2016,,,,529.24,
16-March-2016,,,,531.01,
17-March-2016,,,,531.96,
18-March-2016,,,,537.33,
21-March-2016,,,,544.71,
22-March-2016,,,,546.25,
23-March-2016,,,,545.86,
28-March-2016,,,,540.56,
29-March-2016,,,,541.49,
30-March-2016,,,,548.76,
31-March-2016,,,,550.24,
1-April-2016,,,,551.91,
4-April-2016,,,,553.84,
5-April-2016,,,,548.02,
6-April-2016,,,,550.67,
7-April-2016,,,,546.15,
8-April-2016,,,,547.74,
11-April-2016,,,,554.31,
12-April-2016,,,,559.29,
13-April-2016,,,,567.82,
18-April-2016,,,,570.99,
20-April-2016,,,,569.88,
21-April-2016,,,,564.62,
22-April-2016,,,,563.68,
25-April-2016,,,,562.56,
26-April-2016,,,,566.90,
27-April-2016,,,,569.37,
28-April-2016,,,,563.05,
29-April-2016,,,,563.24,
2-May-2016,,,,566.40,
3-May-2016,,,,562.42,
4-May-2016,,,,560.51,
5-May-2016,,,,561.58,
6-May-2016,,,,563.34,
9-May-2016,,,,569.28,
10-May-2016,,,,571.68,
11-May-2016,,,,572.18,
12-May-2016,,,,574.05,
13-May-2016,,,,569.57,
16-May-2016,,,,569.97,
17-May-2016,,,,570.66,
18-May-2016,,,,567.92,
19-May-2016,,,,562.92,
20-May-2016,,,,561.79,
23-May-2016,,,,561.25,
24-May-2016,,,,562.35,
25-May-2016,,,,572.94,
26-May-2016,,,,581.50,
27-May-2016,,,,586.80,
30-May-2016,,,,590.92,
31-May-2016,,,,589.06,
1-June-2016,,,,592.41,
2-June-2016,,,,594.44,
3-June-2016,,,,596.02,
6-June-2016,,,,593.71,
7-June-2016,,,,597.40,
8-June-2016,,,,598.43,
9-June-2016,,,,593.73,
10-June-2016,,,,592.64,
13-June-2016,,,,590.68,
14-June-2016,,,,589.52,
15-June-2016,,,,595.71,
16-June-2016,,,,593.35,
17-June-2016,,,,594.42,
20-June-2016,,,,597.99,
21-June-2016,,,,597.43,
22-June-2016,,,,597.45,
23-June-2016,,,,599.34,
24-June-2016,,,,593.87,
27-June-2016,,,,595.66,
28-June-2016,,,,597.86,
29-June-2016,,,,603.35,
30-June-2016,,,,609.96,
1-July-2016,,,,613.60,
4-July-2016,,,,613.88,
5-July-2016,,,,611.55,
7-July-2016,,,,611.58,
8-July-2016,,,,611.32,
11-July-2016,,,,617.77,
12-July-2016,,,,619.69,
13-July-2016,,,,618.13,
14-July-2016,,,,621.20,
15-July-2016,,,,619.61,
18-July-2016,,,,618.42,
19-July-2016,-,-,-,618.58,
20-July-2016,-,-,-,622.44,
21-July-2016,,,,623.02,
22-July-2016,,,,624.34,
25-July-2016,,,,627.80,
26-July-2016,,,,625.34,
27-July-2016,,,,628.25,
28-July-2016,,,,635.07,
29-July-2016,,,,634.04,
1-August-2016,,,,637.52,
2-August-2016,,,,637.43,
3-August-2016,,,,630.40,
4-August-2016,,,,629.88,
5-August-2016,,,,640.84,
8-August-2016,,,,645.09,
9-August-2016,,,,640.49,
10-August-2016,,,,630.17,
11-August-2016,,,,631.53,
12-August-2016,,,,634.77,
16-August-2016,,,,637.05,
17-August-2016,,,,637.36,
18-August-2016,,,,639.83,
19-August-2016,,,,640.48,
22-August-2016,,,,636.75,
23-August-2016,,,,636.30,
24-August-2016,,,,638.84,
25-August-2016,,,,635.01,
26-August-2016,,,,633.22,
29-August-2016,,,,632.63,
30-August-2016,,,,642.84,
31-August-2016,,,,647.35,
1-September-2016,,,,646.26,
2-September-2016,,,,647.75,
6-September-2016,,,,656.11,
7-September-2016,,,,651.76,
8-September-2016,,,,655.12,
9-September-2016,,,,648.38,
12-September-2016,,,,635.52,
14-September-2016,,,,638.75,
15-September-2016,,,,637.85,
16-September-2016,,,,642.18,
19-September-2016,,,,643.19,
20-September-2016,,,,642.31,
21-September-2016,,,,641.14,
22-September-2016,,,,647.09,
23-September-2016,,,,644.59,
26-September-2016,,,,638.52,
27-September-2016,,,,639.99,
28-September-2016,,,,640.41,
29-September-2016,,,,628.46,
30-September-2016,,,,630.75,
3-October-2016,,,,642.45,
4-October-2016,,,,643.80,
5-October-2016,,,,643.29,
6-October-2016,,,,640.32,
7-October-2016,,,,638.49,
10-October-2016,,,,640.55,
13-October-2016,,,,634.36,
14-October-2016,,,,635.06,
17-October-2016,,,,628.45,
18-October-2016,,,,635.68,
19-October-2016,,,,636.23,
20-October-2016,,,,636.01,
21-October-2016,,,,635.00,
24-October-2016,,,,633.27,
25-October-2016,,,,631.20,
26-October-2016,,,,630.16,
27-October-2016,,,,626.67,
28-October-2016,,,,629.06,
30-October-2016,,,,629.76,
1-November-2016,,,,627.04,
2-November-2016,,,,620.71,
3-November-2016,,,,617.50,
4-November-2016,,,,616.55,
7-November-2016,,,,617.13,
8-November-2016,,,,618.44,
9-November-2016,,,,609.56,
10-November-2016,,,,610.74,
11-November-2016,,,,593.07,
15-November-2016,,,,574.54,
16-November-2016,,,,574.85,
17-November-2016,,,,572.96,
18-November-2016,,,,574.73,
21-November-2016,,,,565.79,
22-November-2016,,,,572.18,
23-November-2016,,,,576.28,
24-November-2016,,,,576.96,
25-November-2016,,,,584.19,
28-November-2016,,,,585.67,
29-November-2016,,,,586.97,
30-November-2016,,,,591.11,
1-December-2016,,,,589.33,
2-December-2016,,,,583.63,
5-December-2016,,,,587.51,
6-December-2016,,,,588.02,
7-December-2016,,,,587.28,
8-December-2016,,,,594.45,
9-December-2016,,,,594.53,
12-December-2016,,,,586.17,
13-December-2016,,,,587.41,
14-December-2016,,,,584.68,
15-December-2016,,,,582.05,
16-December-2016,,,,580.31,
19-December-2016,,,,578.15,
20-December-2016,,,,577.53,
21-December-2016,,,,576.68,
22-December-2016,,,,571.49,
23-December-2016,,,,568.67,
26-December-2016,,,,561.14,
27-December-2016,,,,568.56,
28-December-2016,,,,570.50,
29-December-2016,,,,574.71,
30-December-2016,,,,580.51,
2-January-2017,,,,583.03,
3-January-2017,,,,584.28,
4-January-2017,,,,582.90,
5-January-2017,,,,588.10,
6-January-2017,,,,585.17,
9-January-2017,,,,583.63,
10-January-2017,,,,585.86,
11-January-2017,,,,590.85,
12-January-2017,,,,592.34,
13-January-2017,,,,590.70,
16-January-2017,,,,590.33,
17-January-2017,,,,590.43,
18-January-2017,,,,592.74,
19-January-2017,,,,593.04,
20-January-2017,,,,588.08,
23-January-2017,,,,591.31,
24-January-2017,,,,598.43,
25-January-2017,,,,605.15,
27-January-2017,,,,605.30,
30-January-2017,,,,605.61,
31-January-2017,,,,600.13,
1-February-2017,,,,606.40,
2-February-2017,,,,607.64,
3-February-2017,,,,609.46,
6-February-2017,,,,614.14,
7-February-2017,,,,611.19,
8-February-2017,,,,612.09,
9-February-2017,,,,613.90,
10-February-2017,,,,616.07,
13-February-2017,,,,617.18,
14-February-2017,,,,615.40,
15-February-2017,,,,612.23,
16-February-2017,,,,617.02,
17-February-2017,,,,619.20,
20-February-2017,,,,623.14,
21-February-2017,,,,625.89,
22-February-2017,,,,623.87,
23-February-2017,,,,624.09,
27-February-2017,,,,622.97,
28-February-2017,,,,621.30,
1-March-2017,,,,624.88,
2-March-2017,,,,622.37,
3-March-2017,,,,623.18,
6-March-2017,,,,626.89,
7-March-2017,,,,626.94,
8-March-2017,,,,626.41,
9-March-2017,,,,627.28,
10-March-2017,,,,627.76,
14-March-2017,,,,636.57,
15-March-2017,,,,636.88,
16-March-2017,,,,642.19,
17-March-2017,,,,642.52,
20-March-2017,,,,640.74,
21-March-2017,,,,640.36,
22-March-2017,,,,636.66,
23-March-2017,,,,639.79,
24-March-2017,,,,639.42,
27-March-2017,,,,635.33,
28-March-2017,,,,638.79,
29-March-2017,,,,639.10,
30-March-2017,,,,640.72,
31-March-2017,,,,642.64,
3-April-2017,,,,644.40,
5-April-2017,,,,645.06,
6-April-2017,,,,646.81,
7-April-2017,,,,644.12,
10-April-2017,,,,641.91,
11-April-2017,,,,644.77,
12-April-2017,,,,643.14,
13-April-2017,,,,641.02,
17-April-2017,,,,639.32,
18-April-2017,,,,636.67,
19-April-2017,,,,637.12,
20-April-2017,,,,640.56,
21-April-2017,,,,638.50,
24-April-2017,,,,642.11,
25-April-2017,,,,648.53,
26-April-2017,,,,651.26,
27-April-2017,,,,652.00,
28-April-2017,,,,648.45,
2-May-2017,,,,649.91,
3-May-2017,,,,651.71,
4-May-2017,,,,653.62,
5-May-2017,,,,649.37,
8-May-2017,,,,651.70,
9-May-2017,,,,653.91,
10-May-2017,,,,662.35,
11-May-2017,,,,662.19,
12-May-2017,,,,661.42,
15-May-2017,,,,661.50,
16-May-2017,,,,664.62,
17-May-2017,,,,663.23,
18-May-2017,,,,658.63,
19-May-2017,,,,657.78,
22-May-2017,,,,656.76,
23-May-2017,,,,652.50,
24-May-2017,,,,647.87,
25-May-2017,,,,653.49,
26-May-2017,,,,659.57,
29-May-2017,,,,664.13,
30-May-2017,,,,664.97,
31-May-2017,,,,665.02,
1-June-2017,,,,668.39,
2-June-2017,,,,672.99,
5-June-2017,,,,675.20,
6-June-2017,,,,672.89,
7-June-2017,,,,674.25,
8-June-2017,,,,673.28,
9-June-2017,,,,672.33,
12-June-2017,,,,670.02,
13-June-2017,,,,670.57,
14-June-2017,,,,669.85,
15-June-2017,,,,669.17,
16-June-2017,,,,669.04,
19-June-2017,,,,670.60,
20-June-2017,,,,670.04,
21-June-2017,,,,670.56,
22-June-2017,,,,669.97,
23-June-2017,,,,667.19,
27-June-2017,,,,662.17,
28-June-2017,,,,660.05,
29-June-2017,,,,660.43,
30-June-2017,,,,662.67,
3-July-2017,,,,667.87,
4-July-2017,,,,668.92,
5-July-2017,,,,671.39,
6-July-2017,,,,671.44,
7-July-2017,,,,669.66,
10-July-2017,,,,676.01,
11-July-2017,,,,675.49,
12-July-2017,,,,678.42,
13-July-2017,,,,680.18,
14-July-2017,,,,680.36,
17-July-2017,,,,683.66,
18-July-2017,,,,681.35,
19-July-2017,,,,685.81,
20-July-2017,,,,681.78,
21-July-2017,,,,686.35,
24-July-2017,,,,689.99,
25-July-2017,,,,688.54,
26-July-2017,,,,689.74,
27-July-2017,,,,690.21,
28-July-2017,,,,691.02,
31-July-2017,,,,693.43,
1-August-2017,,,,692.97,
2-August-2017,,,,691.70,
3-August-2017,,,,692.64,
4-August-2017,,,,696.20,
7-August-2017,,,,696.67,
8-August-2017,,,,692.34,
9-August-2017,,,,688.78,
10-August-2017,,,,683.39,
11-August-2017,,,,677.27,
14-August-2017,,,,682.69,
16-August-2017,,,,687.96,
17-August-2017,,,,686.01,
18-August-2017,,,,684.41,
21-August-2017,,,,678.67,
22-August-2017,,,,678.30,
23-August-2017,,,,680.73,
24-August-2017,,,,680.56,
28-August-2017,,,,688.46,
29-August-2017,,,,681.35,
30-August-2017,,,,685.37,
31-August-2017,,,,688.05,
1-September-2017,,,,692.55,
4-September-2017,,,,689.27,
5-September-2017,,,,692.31,
6-September-2017,,,,690.59,
7-September-2017,,,,692.78,
8-September-2017,,,,692.35,
11-September-2017,,,,697.31,
12-September-2017,,,,700.72,
13-September-2017,,,,698.41,
14-September-2017,,,,696.66,
15-September-2017,,,,697.86,
18-September-2017,,,,704.03,
19-September-2017,,,,704.51,
20-September-2017,,,,701.53,
21-September-2017,,,,698.90,
22-September-2017,,,,693.30,
25-September-2017,,,,691.37,
26-September-2017,,,,692.25,
27-September-2017,,,,686.07,
28-September-2017,,,,690.89,
29-September-2017,,,,691.36,
3-October-2017,,,,694.29,
4-October-2017,,,,696.45,
5-October-2017,,,,695.37,
6-October-2017,,,,699.84,
9-October-2017,,,,698.96,
10-October-2017,,,,701.59,
11-October-2017,,,,700.83,
12-October-2017,,,,708.10,
13-October-2017,,,,709.32,
16-October-2017,,,,711.56,
17-October-2017,,,,712.62,
18-October-2017,,,,711.49,
19-October-2017,,,,708.37,
23-October-2017,,,,708.26,
24-October-2017,,,,710.08,
25-October-2017,,,,709.76,
26-October-2017,,,,713.30,
27-October-2017,,,,715.33,
30-October-2017,,,,719.49,
31-October-2017,,,,717.78,
1-November-2017,,,,719.26,
2-November-2017,,,,718.07,
3-November-2017,,,,720.19,
6-November-2017,,,,724.72,
7-November-2017,,,,722.48,
8-November-2017,,,,722.74,
9-November-2017,,,,724.42,
10-November-2017,,,,726.27,
13-November-2017,,,,722.09,
14-November-2017,,,,719.07,
15-November-2017,,,,713.48,
16-November-2017,,,,718.18,
17-November-2017,,,,719.86,
20-November-2017,,,,721.45,
21-November-2017,,,,722.28,
22-November-2017,,,,723.43,
23-November-2017,,,,723.40,
24-November-2017,,,,725.92,
27-November-2017,,,,726.78,
28-November-2017,,,,728.43,
29-November-2017,,,,727.40,
30-November-2017,,,,722.26,
1-December-2017,,,,716.84,
4-December-2017,,,,716.84,
5-December-2017,,,,713.32,
6-December-2017,,,,709.25,
7-December-2017,,,,717.93,
8-December-2017,,,,725.73,
11-December-2017,,,,728.27,
12-December-2017,,,,722.48,
13-December-2017,,,,720.81,
14-December-2017,,,,721.93,
15-December-2017,,,,725.66,
18-December-2017,,,,730.06,
19-December-2017,,,,737.79,
20-December-2017,,,,738.44,
21-December-2017,,,,739.76,
22-December-2017,,,,742.39,
26-December-2017,,,,742.11,
27-December-2017,,,,740.91,
28-December-2017,742.38,743.50,738.13,739.30,
29-December-2017,739.78,745.74,739.78,745.11,
1-January-2018,745.99,746.66,741.85,742.42,
2-January-2018,744.68,745.79,738.79,741.90,
3-January-2018,742.84,746.75,742.17,743.50,
4-January-2018,746.85,748.35,744.55,747.72,
5-January-2018,750.34,752.74,749.35,751.86,
8-January-2018,752.83,757.07,752.83,756.13,
9-January-2018,758.17,759.69,754.03,756.14,
10-January-2018,755.89,758.47,754.29,757.77,
11-January-2018,758.67,760.16,756.47,759.33,
12-January-2018,760.51,761.34,755.03,758.76,
15-January-2018,760.08,762.20,757.28,758.25,
16-January-2018,760.50,761.80,755.45,757.37,
17-January-2018,757.61,761.25,753.17,760.15,
18-January-2018,762.73,765.40,755.78,758.98,
19-January-2018,759.34,762.20,756.21,760.87,
22-January-2018,759.97,766.88,759.45,766.23,
23-January-2018,767.96,771.50,767.81,770.90,
24-January-2018,770.29,773.65,769.58,772.23,
25-January-2018,772.42,773.48,766.24,768.78,
29-January-2018,770.16,776.24,770.09,773.97,
30-January-2018,773.71,773.83,767.59,768.83,
31-January-2018,769.02,769.33,763.47,765.22,
1-February-2018,768.44,771.03,759.30,769.20,
2-February-2018,766.62,766.87,753.53,754.35,
5-February-2018,750.28,753.20,744.33,749.72,
6-February-2018,737.91,741.52,726.85,737.50,
7-February-2018,746.38,748.56,735.20,736.86,
8-February-2018,739.63,745.63,739.19,742.37,
9-February-2018,736.66,739.80,732.48,738.19,
12-February-2018,743.24,746.58,742.95,745.58,
14-February-2018,750.00,750.18,742.03,744.47,
15-February-2018,747.07,749.31,743.80,744.90,
16-February-2018,746.64,748.34,740.62,741.21,
19-February-2018,742.80,743.24,731.59,736.35,
20-February-2018,737.03,740.74,735.12,737.25,
21-February-2018,737.50,738.68,735.25,736.84,
22-February-2018,737.32,737.32,733.44,734.68,
23-February-2018,735.09,740.81,734.69,739.84,
26-February-2018,742.61,745.91,742.57,744.01,
27-February-2018,745.66,748.59,742.68,743.40,
28-February-2018,741.29,744.96,738.82,743.23,
1-March-2018,743.91,745.43,741.28,742.17,
5-March-2018,741.93,742.02,734.54,736.37,
6-March-2018,740.18,740.46,730.31,731.50,
7-March-2018,732.83,733.13,729.38,730.00,
8-March-2018,731.99,734.09,729.02,731.44,
9-March-2018,733.18,736.43,731.10,731.88,
12-March-2018,735.10,741.15,734.34,740.23,
13-March-2018,739.89,741.94,736.11,737.89,
14-March-2018,737.11,737.82,733.71,736.21,
15-March-2018,737.05,737.85,734.38,735.57,
16-March-2018,733.74,734.26,727.31,727.72,
19-March-2018,728.58,728.78,720.19,721.24,
20-March-2018,720.95,725.33,718.92,724.44,
21-March-2018,724.96,731.43,724.96,726.84,
22-March-2018,727.87,729.00,722.21,723.00,
23-March-2018,718.38,721.01,714.80,719.82,
26-March-2018,720.40,725.25,717.92,724.19,
27-March-2018,726.60,732.44,726.15,729.86,
28-March-2018,728.84,733.33,726.39,731.90,
2-April-2018,734.03,744.49,733.79,743.58,
3-April-2018,744.17,746.69,741.65,746.11,
4-April-2018,747.49,748.64,738.66,739.55,
5-April-2018,744.22,748.67,744.07,747.45,
6-April-2018,748.32,748.32,744.26,747.46,
9-April-2018,747.46,751.30,747.28,749.95,
10-April-2018,750.27,752.06,748.07,748.95,
11-April-2018,750.75,752.80,748.10,752.14,
12-April-2018,754.07,757.91,752.06,757.34,
13-April-2018,758.92,760.39,757.12,758.27,
16-April-2018,755.62,765.00,754.24,764.42,
17-April-2018,765.83,768.80,765.66,768.10,
18-April-2018,769.14,771.00,767.48,768.54,
19-April-2018,770.99,772.98,770.51,771.43,
20-April-2018,772.19,774.67,771.00,773.80,
23-April-2018,774.46,779.37,774.12,775.71,
24-April-2018,777.48,778.91,772.76,773.70,
25-April-2018,772.63,775.58,771.88,774.39,
26-April-2018,773.85,777.47,773.77,776.83,
27-April-2018,777.20,779.60,776.70,777.39,
30-April-2018,778.90,785.88,778.80,785.11,
2-May-2018,787.83,789.48,778.98,780.05,
3-May-2018,780.16,780.16,772.18,773.35,
4-May-2018,775.17,776.32,768.70,768.98,
7-May-2018,770.29,773.47,769.64,772.76,
8-May-2018,774.08,774.93,768.33,769.71,
9-May-2018,770.13,770.31,767.43,767.78,
10-May-2018,769.11,770.93,763.85,764.67,
11-May-2018,765.77,771.44,765.66,770.47,
14-May-2018,771.07,772.54,769.27,771.28,
15-May-2018,772.33,777.87,770.61,771.65,
16-May-2018,771.13,774.34,766.60,772.91,
17-May-2018,774.61,776.11,769.42,770.88,
18-May-2018,770.59,772.74,766.37,767.44,
21-May-2018,768.60,769.39,759.88,761.00,
22-May-2018,761.38,765.26,759.26,764.30,
23-May-2018,764.65,765.36,758.81,759.66,
24-May-2018,760.67,764.14,759.24,762.46,
25-May-2018,763.99,772.18,763.15,770.78,
28-May-2018,773.61,774.95,771.87,773.73,
29-May-2018,775.83,777.00,770.53,772.01,
30-May-2018,772.08,773.79,769.47,772.10,
31-May-2018,775.42,780.16,771.03,778.06,
1-June-2018,778.68,780.12,773.28,774.25,
4-June-2018,778.71,779.02,768.87,770.05,
5-June-2018,770.23,771.18,763.11,764.24,
6-June-2018,764.91,773.26,764.35,772.21,
7-June-2018,773.78,778.35,773.05,777.28,
8-June-2018,776.89,777.11,772.93,774.76,
11-June-2018,776.10,778.42,774.67,775.52,
12-June-2018,776.56,778.83,775.66,777.89,
13-June-2018,780.04,782.61,777.97,780.15,
14-June-2018,781.57,781.57,775.49,779.20,
15-June-2018,780.54,780.68,774.27,778.29,
18-June-2018,779.95,780.92,774.54,775.29,
19-June-2018,775.33,775.88,767.11,767.94,
20-June-2018,769.03,770.86,767.82,769.91,
21-June-2018,770.23,771.03,764.40,765.07,
22-June-2018,764.92,770.01,762.10,769.09,
25-June-2018,770.28,770.86,765.56,766.51,
26-June-2018,765.83,775.02,765.83,771.81,
27-June-2018,774.06,775.16,765.04,766.22,
28-June-2018,766.74,767.15,761.02,762.81,
29-June-2018,764.26,771.36,763.87,770.12,
2-July-2018,774.21,774.25,765.18,766.21,
3-July-2018,767.28,769.57,764.89,768.52,
4-July-2018,768.68,773.34,767.67,772.84,
5-July-2018,773.63,776.81,771.55,775.23,
6-July-2018,775.60,779.13,773.93,775.85,
9-July-2018,778.90,782.01,778.15,781.13,
10-July-2018,783.52,785.63,782.98,784.30,
11-July-2018,785.51,786.95,783.28,784.58,
12-July-2018,786.96,789.55,784.57,785.99,
13-July-2018,787.06,790.30,784.79,785.95,
16-July-2018,788.45,788.64,781.63,782.47,
17-July-2018,783.41,785.74,781.51,784.79,
18-July-2018,788.19,788.82,781.80,782.53,
19-July-2018,783.69,785.11,777.77,778.87,
20-July-2018,778.45,782.04,776.14,776.80,
23-July-2018,779.80,781.29,777.04,780.57,
24-July-2018,784.42,787.11,782.63,785.22,
25-July-2018,786.58,787.19,781.29,783.37,
26-July-2018,784.79,787.46,780.90,784.13,
27-July-2018,786.63,788.33,785.28,787.21,
30-July-2018,789.92,790.51,786.24,789.23,
31-July-2018,790.52,798.70,788.63,797.79,
1-August-2018,800.04,802.42,797.64,799.70,
2-August-2018,801.15,801.15,792.07,793.28,
3-August-2018,796.21,799.33,795.82,797.24,
6-August-2018,799.57,800.76,797.11,797.74,
7-August-2018,800.83,801.94,798.35,799.66,
8-August-2018,802.38,803.78,798.92,803.27,
9-August-2018,804.59,805.07,802.37,803.38,
10-August-2018,804.95,805.00,800.94,801.94,
13-August-2018,802.53,804.79,798.21,801.16,
14-August-2018,803.65,806.84,802.30,805.03,
16-August-2018,805.04,805.42,799.79,800.31,
17-August-2018,804.61,805.45,801.93,804.82,
20-August-2018,806.89,810.79,806.64,809.79,
21-August-2018,811.90,813.88,810.86,812.76,
23-August-2018,815.59,822.57,815.53,821.97,
24-August-2018,823.59,824.22,818.51,818.94,
27-August-2018,821.14,826.88,820.59,826.13,
28-August-2018,828.68,831.39,826.55,827.27,
29-August-2018,829.06,829.06,824.36,824.83,
30-August-2018,825.50,828.03,824.38,827.04,
31-August-2018,828.38,834.81,827.81,832.95,
3-September-2018,838.52,838.71,822.11,823.11,
4-September-2018,825.08,826.36,808.24,809.47,
5-September-2018,809.58,811.10,800.72,806.14,
6-September-2018,809.10,813.41,806.82,810.12,
7-September-2018,813.18,817.99,809.47,817.24,
10-September-2018,816.16,817.63,803.79,804.17,
11-September-2018,807.06,807.64,794.93,795.87,
12-September-2018,797.90,805.34,797.53,804.61,
14-September-2018,807.41,814.51,807.41,814.13,
17-September-2018,814.06,814.11,807.45,808.65,
18-September-2018,811.11,813.77,804.84,805.71,
19-September-2018,807.94,811.87,802.00,803.38,
21-September-2018,806.66,808.73,778.08,798.04,
24-September-2018,799.69,800.00,779.01,781.60,
25-September-2018,783.28,790.92,773.97,788.76,
26-September-2018,794.29,794.69,781.48,783.25,
27-September-2018,784.78,786.38,777.32,778.92,
28-September-2018,783.31,783.56,768.55,771.66,
1-October-2018,770.39,777.20,764.84,775.33,
3-October-2018,776.96,776.96,763.02,764.27,
4-October-2018,761.63,761.63,748.31,750.47,
5-October-2018,750.59,750.59,737.21,740.57,
8-October-2018,741.95,743.79,732.39,740.46,
9-October-2018,743.57,744.26,732.43,735.49,
10-October-2018,739.78,748.75,736.22,747.15,
11-October-2018,736.29,740.36,727.25,735.95,
12-October-2018,740.38,752.78,740.24,750.57,
15-October-2018,756.32,757.39,743.32,747.58,
16-October-2018,749.63,754.38,748.53,751.31,
17-October-2018,756.85,758.41,742.90,743.62,
19-October-2018,743.43,743.43,733.67,737.22,
22-October-2018,744.20,744.59,730.78,732.21,
23-October-2018,728.41,729.86,719.35,723.96,
24-October-2018,728.25,732.47,720.29,728.19,
25-October-2018,723.84,726.30,721.15,725.00,
26-October-2018,726.25,726.91,716.76,720.14,
29-October-2018,723.33,728.87,719.52,728.28,
30-October-2018,728.98,731.92,726.47,729.22,
31-October-2018,731.02,739.81,722.83,739.24,
1-November-2018,743.69,743.69,735.80,737.70,
2-November-2018,741.70,752.58,741.52,748.79,
5-November-2018,750.64,750.66,743.70,747.19,
6-November-2018,749.89,751.38,744.50,746.16,
7-November-2018,752.32,752.81,750.56,752.29,
9-November-2018,754.15,756.92,749.41,756.29,
12-November-2018,759.74,760.49,746.26,747.33,
13-November-2018,748.04,754.17,745.21,753.50,
14-November-2018,756.07,760.31,752.79,756.11,
15-November-2018,757.35,760.74,756.53,759.32,
16-November-2018,761.41,767.01,760.81,763.93,
19-November-2018,767.57,769.90,764.65,769.01,
20-November-2018,769.85,769.92,762.74,763.57,
21-November-2018,764.62,765.16,759.50,761.43,
22-November-2018,763.78,764.82,758.21,759.23,
26-November-2018,761.83,771.04,760.48,770.30,
27-November-2018,770.31,774.09,767.73,773.19,
28-November-2018,775.26,779.17,773.81,774.38,
29-November-2018,777.36,782.71,776.96,781.50,
30-November-2018,782.93,787.01,780.89,784.05,
3-December-2018,789.43,789.83,784.63,787.48,
4-December-2018,789.10,789.44,784.05,785.17,
5-December-2018,784.06,784.53,778.79,780.46,
6-December-2018,778.67,778.67,767.31,767.85,
7-December-2018,771.29,778.47,770.78,777.64,
10-December-2018,772.16,772.16,763.33,764.08,
11-December-2018,759.50,775.30,757.71,773.27,
12-December-2018,775.00,790.43,774.37,789.24,
13-December-2018,793.98,798.23,792.55,797.31,
14-December-2018,798.37,800.12,794.69,797.65,
17-December-2018,800.80,803.17,800.16,802.71,
18-December-2018,802.39,803.87,798.01,802.98,
19-December-2018,804.93,811.35,804.82,810.74,
20-December-2018,808.76,810.06,805.76,808.43,
21-December-2018,809.85,810.48,792.99,794.36,
24-December-2018,795.85,796.32,784.60,786.06,
26-December-2018,785.20,789.23,775.63,786.99,
27-December-2018,791.07,792.94,789.17,791.62,
28-December-2018,793.70,798.72,793.68,796.81,
31-December-2018,799.16,800.80,796.35,797.32,
1-January-2019,799.09,799.90,791.71,796.30,
2-January-2019,796.11,796.29,786.14,789.01,
3-January-2019,789.64,793.72,784.16,784.71,
4-January-2019,786.79,788.92,782.00,785.27,
7-January-2019,789.69,791.04,786.68,787.68,
8-January-2019,789.06,789.08,784.27,785.47,
9-January-2019,787.95,790.29,783.53,788.56,
10-January-2019,789.98,790.58,787.72,789.46,
11-January-2019,790.83,791.01,783.76,786.28,
14-January-2019,788.42,788.77,778.28,782.00,
15-January-2019,784.24,791.08,784.18,790.38,
16-January-2019,792.23,793.28,788.68,789.33,
17-January-2019,790.89,792.44,787.34,790.54,
18-January-2019,791.35,792.24,786.81,788.91,
21-January-2019,791.06,791.19,786.95,788.25,
22-January-2019,789.11,789.55,783.23,786.14,
23-January-2019,787.33,790.26,781.96,783.02,
24-January-2019,783.99,785.12,780.62,782.54,
25-January-2019,784.58,786.08,766.41,767.59,
28-January-2019,771.43,772.06,762.58,764.56,
29-January-2019,765.65,767.34,761.20,765.06,
30-January-2019,769.88,769.94,762.72,765.72,
31-January-2019,769.95,775.82,766.18,775.33,
1-February-2019,779.25,790.46,777.74,784.58,
4-February-2019,784.21,784.21,777.56,780.96,
5-February-2019,781.67,786.07,780.30,782.84,
6-February-2019,785.31,789.91,784.15,788.47,
7-February-2019,789.46,794.73,788.38,792.84,
8-February-2019,792.54,792.96,780.02,781.37,
11-February-2019,781.75,781.91,773.91,777.48,
12-February-2019,779.06,779.14,772.70,773.64,
13-February-2019,775.96,776.68,765.73,766.81,
14-February-2019,767.46,767.50,762.98,764.46,
15-February-2019,765.94,767.01,755.62,761.64,
18-February-2019,763.68,763.71,751.92,756.03,
19-February-2019,756.75,759.10,750.71,752.01,
20-February-2019,753.56,759.82,753.25,758.79,
21-February-2019,759.99,762.17,757.69,760.78,
22-February-2019,761.22,764.12,758.44,763.45,
25-February-2019,765.91,771.33,764.12,770.25,
26-February-2019,768.79,773.76,761.58,770.97,
27-February-2019,772.08,778.99,768.13,770.20,
28-February-2019,773.09,774.52,769.12,769.76,
1-March-2019,771.64,774.69,770.84,773.86,
5-March-2019,773.82,779.23,771.32,778.50,
6-March-2019,780.32,782.94,776.73,779.43,
7-March-2019,782.24,782.93,775.75,776.58,
8-March-2019,777.63,777.63,773.38,776.12,
11-March-2019,778.25,787.13,777.50,785.94,
12-March-2019,788.87,794.37,788.47,791.89,
13-March-2019,794.39,794.46,790.27,791.52,
14-March-2019,792.44,793.49,788.53,792.08,
15-March-2019,792.85,797.82,792.58,793.97,
18-March-2019,796.40,799.56,793.88,796.65,
19-March-2019,799.56,799.92,796.19,799.07,
20-March-2019,800.12,800.56,795.60,796.07,
22-March-2019,797.24,799.89,793.01,794.34,
25-March-2019,793.18,793.18,787.89,789.63,
26-March-2019,790.73,798.23,790.19,797.12,
27-March-2019,798.96,800.79,794.78,795.94,
28-March-2019,797.39,800.78,795.78,799.32,
29-March-2019,803.39,803.84,801.08,801.98,
1-April-2019,804.09,809.91,803.98,804.97,
2-April-2019,807.81,808.25,804.90,807.26,
3-April-2019,808.97,812.76,806.28,807.27,
4-April-2019,808.04,809.18,804.30,806.94,
5-April-2019,809.16,810.62,808.07,809.72,
8-April-2019,811.34,812.67,804.96,807.69,
9-April-2019,808.43,810.01,805.21,809.20,
10-April-2019,809.71,811.87,805.59,806.43,
11-April-2019,807.36,808.16,805.42,806.98,
12-April-2019,808.53,811.74,808.02,811.27,
15-April-2019,812.31,817.40,812.23,816.67,
16-April-2019,819.08,820.96,818.87,819.66,
18-April-2019,821.72,823.61,813.16,813.93,
22-April-2019,815.22,815.22,808.73,809.58,
23-April-2019,811.20,812.19,806.38,807.21,
24-April-2019,808.36,812.66,805.51,811.79,
25-April-2019,812.31,816.15,807.18,808.16,
26-April-2019,810.04,811.05,807.93,809.26,
30-April-2019,809.51,810.13,804.29,807.30,
2-May-2019,808.68,809.05,802.06,803.14,
3-May-2019,805.08,805.10,798.81,800.00,
6-May-2019,798.34,798.34,794.30,796.31,
7-May-2019,801.45,802.20,795.09,795.90,
8-May-2019,796.07,796.10,789.43,790.13,
9-May-2019,790.54,790.58,784.25,786.99,
10-May-2019,786.75,788.83,781.35,783.07,
13-May-2019,784.53,784.53,774.40,775.63,
14-May-2019,776.36,781.36,771.83,777.46,
15-May-2019,778.25,779.98,771.98,773.11,
16-May-2019,774.15,779.09,772.77,777.69,
17-May-2019,778.48,787.99,777.30,787.02,
20-May-2019,796.89,808.33,795.23,807.79,
21-May-2019,809.66,810.66,797.99,799.42,
22-May-2019,801.45,804.12,797.18,801.46,
23-May-2019,809.17,814.75,797.78,799.81,
24-May-2019,803.23,809.92,799.53,809.31,
27-May-2019,811.98,817.17,808.97,815.55,
28-May-2019,819.44,820.12,816.66,818.52,
29-May-2019,819.89,819.89,813.68,814.48,
30-May-2019,819.01,819.86,815.50,818.62,
31-May-2019,821.29,825.78,815.54,819.32,
3-June-2019,821.05,830.74,820.78,830.03,
4-June-2019,830.71,830.80,825.53,826.28,
6-June-2019,828.29,828.49,819.28,819.98,
7-June-2019,821.02,821.28,814.49,818.51,
10-June-2019,821.36,826.29,820.74,823.02,
11-June-2019,825.56,827.02,823.03,825.21,
12-June-2019,825.56,825.63,819.83,821.26,
13-June-2019,820.81,820.82,816.07,819.98,
14-June-2019,821.65,821.84,812.55,814.01,
17-June-2019,815.60,815.69,807.18,807.91,
18-June-2019,809.77,811.27,805.94,808.47,
19-June-2019,809.87,814.07,805.45,808.55,
20-June-2019,808.19,816.53,803.35,815.41,
21-June-2019,815.92,816.09,807.57,809.46,
24-June-2019,810.94,812.60,806.94,808.46,
25-June-2019,810.40,812.61,805.52,811.49,
26-June-2019,811.80,817.06,810.23,815.33,
27-June-2019,816.18,819.10,813.56,815.11,
28-June-2019,815.91,816.38,811.40,812.11,
1-July-2019,814.09,817.74,813.74,814.03,
2-July-2019,815.26,818.27,813.84,817.60,
3-July-2019,819.40,820.18,817.57,818.17,
4-July-2019,820.09,822.28,819.16,821.11,
5-July-2019,823.06,823.98,812.54,813.89,
8-July-2019,813.18,813.18,795.44,796.82,
9-July-2019,797.92,797.96,791.28,794.93,
10-July-2019,795.19,797.67,791.59,792.41,
11-July-2019,794.11,798.47,793.32,797.99,
12-July-2019,799.47,801.64,795.40,796.44,
15-July-2019,801.79,801.79,793.75,796.97,
16-July-2019,798.13,801.83,795.09,801.45,
17-July-2019,803.45,804.35,801.58,803.32,
18-July-2019,803.37,803.94,798.44,799.02,
19-July-2019,802.66,802.66,788.30,789.77,
22-July-2019,790.20,790.20,783.01,785.48,
23-July-2019,786.66,789.68,785.25,786.92,
24-July-2019,787.60,788.58,780.63,784.07,
25-July-2019,786.16,790.19,784.50,786.90,
26-July-2019,787.55,791.17,784.52,790.13,
29-July-2019,790.64,790.64,781.03,782.20,
30-July-2019,783.22,786.07,776.52,777.38,
31-July-2019,776.24,784.32,771.64,782.58,
1-August-2019,781.73,782.23,770.55,774.79,
2-August-2019,773.84,780.54,768.14,776.26,
5-August-2019,775.77,775.77,767.92,772.58,
6-August-2019,771.42,781.87,770.84,778.10,
7-August-2019,779.10,781.98,777.65,778.89,
8-August-2019,780.29,787.50,777.80,786.30,
9-August-2019,791.34,795.27,789.92,790.93,
13-August-2019,791.39,791.84,775.82,776.78,
14-August-2019,779.70,780.02,774.30,778.22,
16-August-2019,779.12,781.10,771.94,780.58,
19-August-2019,783.79,786.95,780.42,781.51,
20-August-2019,783.79,784.15,778.41,781.57,
21-August-2019,780.97,782.51,776.21,776.81,
22-August-2019,777.56,777.56,770.37,771.12,
23-August-2019,771.34,776.37,767.66,773.49,
26-August-2019,784.45,784.94,768.93,783.78,
27-August-2019,785.15,792.13,784.88,789.17,
28-August-2019,788.99,791.59,783.58,786.21,
29-August-2019,786.78,788.24,781.95,785.72,
30-August-2019,788.89,792.44,782.30,791.41,
3-September-2019,789.99,790.22,778.47,779.83,
4-September-2019,780.97,782.22,774.23,778.21,
5-September-2019,780.21,787.09,780.01,782.44,
6-September-2019,783.22,787.35,782.68,786.72,
9-September-2019,787.97,791.10,783.93,789.85,
11-September-2019,789.55,792.70,789.32,790.26,
12-September-2019,789.33,792.10,785.36,785.99,
13-September-2019,788.27,790.88,783.96,790.43,
16-September-2019,789.68,790.69,786.45,789.15,
17-September-2019,789.94,789.98,776.45,777.50,
18-September-2019,778.61,780.77,774.85,779.45,
19-September-2019,780.24,780.47,772.27,773.28,
20-September-2019,773.94,813.72,770.58,808.57,
23-September-2019,821.52,834.43,821.22,825.08,
24-September-2019,829.35,829.60,821.35,823.17,
25-September-2019,822.71,823.23,814.09,815.34,
26-September-2019,817.37,824.01,816.60,823.30,
27-September-2019,823.98,824.76,820.15,822.02,
30-September-2019,822.47,822.47,813.01,818.82,
1-October-2019,820.02,823.32,807.55,812.23,
3-October-2019,811.37,811.45,805.46,807.01,
4-October-2019,809.44,810.15,798.12,799.09,
7-October-2019,801.49,804.35,797.51,798.47,
9-October-2019,800.47,806.55,797.74,805.76,
10-October-2019,806.21,806.21,800.72,802.87,
11-October-2019,804.70,810.79,803.23,810.32,
14-October-2019,811.93,815.59,809.83,812.77,
15-October-2019,815.48,820.60,814.01,819.06,
16-October-2019,820.36,821.53,816.10,817.49,
17-October-2019,818.13,825.55,816.30,824.39,
18-October-2019,825.42,831.60,823.80,830.89,
22-October-2019,830.29,835.11,828.70,830.06,
23-October-2019,832.35,832.70,827.32,830.48,
24-October-2019,833.28,833.71,826.68,828.39,
25-October-2019,832.17,832.69,823.78,826.25,
27-October-2019,831.34,831.65,828.06,829.28,
29-October-2019,830.19,836.99,826.41,835.61,
30-October-2019,839.90,840.75,836.54,838.33,
31-October-2019,839.85,844.19,839.43,841.50,
1-November-2019,842.41,845.11,838.99,839.46,
4-November-2019,842.93,843.97,837.71,839.21,
5-November-2019,841.53,841.62,834.77,837.40,
6-November-2019,840.20,843.53,835.64,840.59,
7-November-2019,842.82,843.97,840.23,843.24,
8-November-2019,844.24,844.27,833.93,834.69,
11-November-2019,835.42,837.17,832.24,833.16,
13-November-2019,836.25,838.72,830.93,832.51,
14-November-2019,833.83,833.90,828.57,831.35,
15-November-2019,833.74,834.89,830.75,832.07,
18-November-2019,833.96,834.61,828.46,829.89,
19-November-2019,831.75,831.75,828.35,829.49,
20-November-2019,831.51,831.96,828.21,830.33,
21-November-2019,831.51,831.84,826.26,826.82,
22-November-2019,827.84,827.84,820.95,821.58,
25-November-2019,824.43,828.80,822.41,828.35,
26-November-2019,830.32,831.53,822.75,824.08,
27-November-2019,825.30,827.06,824.35,825.60,
28-November-2019,827.67,828.64,825.19,827.63,
29-November-2019,829.18,829.32,821.86,824.91,
2-December-2019,826.43,826.73,821.68,824.25,
3-December-2019,826.15,826.16,821.10,821.81,
4-December-2019,822.13,824.36,819.47,824.01,
5-December-2019,826.32,826.48,821.40,822.41,
6-December-2019,824.81,824.94,816.81,818.42,
9-December-2019,821.12,821.32,816.29,817.31,
10-December-2019,818.98,819.06,811.45,811.78,
11-December-2019,812.55,815.55,811.31,814.71,
12-December-2019,816.03,819.98,813.21,817.07,
13-December-2019,819.61,823.11,819.50,822.73,
16-December-2019,824.26,825.96,818.73,819.17,
17-December-2019,820.91,826.71,820.20,826.12,
18-December-2019,826.92,830.69,825.72,829.89,
19-December-2019,830.76,831.09,828.33,829.42,
20-December-2019,830.23,831.35,827.71,828.95,
23-December-2019,829.92,831.56,826.33,828.52,
24-December-2019,829.13,830.63,827.80,828.27,
26-December-2019,829.74,829.83,824.72,825.22,
27-December-2019,827.20,829.22,825.17,828.02,
30-December-2019,830.05,831.80,827.54,829.31,
31-December-2019,830.09,830.74,826.42,827.60,
1-January-2020,829.50,833.50,829.08,833.36,
2-January-2020,834.75,835.89,833.76,834.88,
3-January-2020,836.34,836.34,830.14,831.40,
6-January-2020,832.67,832.67,820.55,822.45,
7-January-2020,825.41,830.05,824.60,825.80,
8-January-2020,823.14,824.87,818.30,824.24,
9-January-2020,827.25,832.58,827.25,831.75,
10-January-2020,833.62,842.18,833.62,840.29,
13-January-2020,844.35,850.02,843.26,849.40,
14-January-2020,850.72,855.23,848.75,854.70,
15-January-2020,855.35,856.86,851.77,855.72,
16-January-2020,856.97,858.90,855.05,857.74,
17-January-2020,859.65,860.13,857.06,857.85,
20-January-2020,863.39,868.01,857.54,857.91,
21-January-2020,857.86,857.86,851.08,851.80,
22-January-2020,851.57,854.12,846.72,848.32,
23-January-2020,849.08,856.05,848.56,853.45,
24-January-2020,852.84,861.98,852.41,859.13,
27-January-2020,858.52,858.52,851.09,852.44,
28-January-2020,854.39,854.45,847.05,848.21,
29-January-2020,850.84,855.79,850.84,852.75,
30-January-2020,855.63,855.63,843.72,845.41,
31-January-2020,849.34,849.40,837.58,838.31,
1-February-2020,841.16,842.66,821.58,823.41,
3-February-2020,826.83,837.91,823.52,836.36,
4-February-2020,839.75,844.90,838.89,843.07,
5-February-2020,847.09,848.34,843.59,846.29,
6-February-2020,847.95,850.57,843.36,844.65,
7-February-2020,845.70,850.91,843.75,849.63,
10-February-2020,852.15,853.03,846.88,849.12,
11-February-2020,852.99,854.98,849.31,849.89,
12-February-2020,852.33,857.94,851.90,853.07,
13-February-2020,853.16,853.27,847.46,848.91,
14-February-2020,850.14,853.25,842.70,844.24,
17-February-2020,846.13,846.17,835.84,836.37,
18-February-2020,835.69,836.76,828.40,834.51,
19-February-2020,838.37,843.39,838.37,842.66,
20-February-2020,844.56,844.56,837.01,838.02,
24-February-2020,837.78,837.81,823.33,824.89,
25-February-2020,826.03,829.58,824.30,824.86,
26-February-2020,823.71,823.71,813.94,816.56,
27-February-2020,817.12,817.12,808.41,815.43,
28-February-2020,808.27,808.27,790.49,791.54,
2-March-2020,800.29,806.73,784.47,789.57,
3-March-2020,793.52,806.87,790.81,804.17,
4-March-2020,806.54,807.42,794.83,803.47,
5-March-2020,805.95,814.10,805.34,807.42,
6-March-2020,796.29,798.36,787.74,796.14,
9-March-2020,791.81,791.81,758.55,768.07,
11-March-2020,769.01,775.21,762.36,772.23,
12-March-2020,756.69,756.69,716.78,721.52,
13-March-2020,704.39,741.74,652.27,730.41,
16-March-2020,720.52,720.52,688.24,691.08,
17-March-2020,694.87,708.46,681.30,685.33,
18-March-2020,694.40,696.37,653.12,655.98,
19-March-2020,640.56,655.16,614.72,639.55,
20-March-2020,644.97,683.83,640.98,676.92,
23-March-2020,636.57,654.08,608.52,610.78,
24-March-2020,626.57,636.53,607.16,620.08,
25-March-2020,613.04,643.49,611.90,641.38,
26-March-2020,655.76,670.11,644.60,666.99,
27-March-2020,683.12,691.06,661.69,672.09,
30-March-2020,669.85,672.09,656.78,664.72,
31-March-2020,677.06,690.37,669.80,688.69,
1-April-2020,691.37,691.37,665.15,668.05,
3-April-2020,674.01,675.12,658.78,665.94,
7-April-2020,688.33,709.43,684.55,708.10,
8-April-2020,707.89,734.28,703.02,716.73,
9-April-2020,733.46,739.44,728.54,735.79,
13-April-2020,739.26,739.40,726.24,730.05,
15-April-2020,742.60,751.50,731.45,736.45,
16-April-2020,733.01,748.04,729.06,744.42,
17-April-2020,759.86,763.26,744.10,746.15,
20-April-2020,755.52,755.84,740.35,741.19,
21-April-2020,732.66,736.36,725.53,729.52,
22-April-2020,730.44,742.56,724.53,741.34,
23-April-2020,746.79,753.15,742.41,743.72,
24-April-2020,741.92,748.76,739.09,743.38,
27-April-2020,749.39,752.89,746.80,750.88,
28-April-2020,757.03,757.60,743.02,749.02,
29-April-2020,755.42,756.66,748.77,750.72,
30-April-2020,759.15,763.61,756.55,762.18,
4-May-2020,753.43,753.43,738.61,740.45,
5-May-2020,749.58,751.56,732.59,733.45,
6-May-2020,736.38,741.25,729.09,738.15,
7-May-2020,739.60,739.60,727.29,728.23,
8-May-2020,735.94,737.90,731.45,731.91,
11-May-2020,737.59,742.02,736.13,737.32,
12-May-2020,735.87,735.87,726.27,733.10,
13-May-2020,756.15,756.88,737.81,738.56,
14-May-2020,734.67,737.65,732.02,735.05,
15-May-2020,738.86,739.05,729.61,731.75,
18-May-2020,734.59,734.79,715.47,717.93,
19-May-2020,721.24,725.39,717.90,719.82,
20-May-2020,719.45,729.56,719.32,728.44,
21-May-2020,730.67,736.07,728.81,733.63,
22-May-2020,732.41,735.68,728.62,730.88,
26-May-2020,734.87,739.93,733.69,735.76,
27-May-2020,737.80,741.78,732.32,740.84,
28-May-2020,743.57,749.94,739.83,748.97,
29-May-2020,748.90,766.56,744.55,765.15,
1-June-2020,771.34,776.50,766.83,768.36,
2-June-2020,771.72,776.59,769.46,770.40,
3-June-2020,775.98,780.19,772.10,773.16,
4-June-2020,775.37,779.88,771.28,778.22,
5-June-2020,782.08,785.24,778.45,782.01,
8-June-2020,788.01,789.17,779.98,782.90,
9-June-2020,785.22,791.69,780.06,781.75,
10-June-2020,783.62,786.62,779.57,781.86,
11-June-2020,782.61,783.14,773.07,773.69,
12-June-2020,758.29,775.68,755.92,774.84,
15-June-2020,778.42,781.76,769.52,771.24,
16-June-2020,778.94,781.75,767.22,772.73,
17-June-2020,770.86,776.68,770.61,771.52,
18-June-2020,770.40,773.70,769.71,772.05,
19-June-2020,773.91,777.21,773.12,775.92,
22-June-2020,781.90,788.91,780.86,787.52,
23-June-2020,791.71,800.24,790.11,799.83,
24-June-2020,802.21,807.11,789.58,791.89,
25-June-2020,790.28,796.15,787.25,792.90,
26-June-2020,797.75,802.45,796.83,799.40,
29-June-2020,797.50,800.39,793.20,795.58,
30-June-2020,797.86,799.96,793.75,794.92,
1-July-2020,795.88,795.88,789.40,791.40,
2-July-2020,793.57,798.84,793.06,797.76,
3-July-2020,800.35,804.75,800.06,802.89,
6-July-2020,806.08,809.08,803.73,806.55,
7-July-2020,808.74,811.36,802.69,805.48,
8-July-2020,808.84,808.84,797.57,798.95,
9-July-2020,802.50,804.44,797.90,798.78,
10-July-2020,799.15,799.97,795.26,797.08,
13-July-2020,801.68,803.86,798.13,800.80,
14-July-2020,803.01,803.01,793.61,795.19,
15-July-2020,799.27,808.42,799.27,802.71,
16-July-2020,807.12,810.48,800.38,809.68,
17-July-2020,811.99,816.17,809.59,815.06,
20-July-2020,821.36,821.93,817.22,821.22,
21-July-2020,827.48,828.43,814.98,815.51,
22-July-2020,817.90,820.08,810.72,814.63,
23-July-2020,814.48,823.28,814.09,821.64,
24-July-2020,821.63,824.08,815.95,823.37,
27-July-2020,825.16,826.18,817.70,820.52,
28-July-2020,823.19,828.38,822.17,827.36,
29-July-2020,828.88,831.80,825.49,831.04,
30-July-2020,833.47,839.92,829.92,833.38,
31-July-2020,835.69,840.42,834.37,839.46,
3-August-2020,842.57,843.11,835.88,837.17,
4-August-2020,840.81,845.03,838.45,842.52,
5-August-2020,846.37,848.71,840.70,842.42,
6-August-2020,846.65,851.41,846.00,850.60,
7-August-2020,853.45,859.72,852.65,858.02,
10-August-2020,866.68,872.93,866.12,869.64,
11-August-2020,873.28,879.49,866.67,867.80,
12-August-2020,867.37,867.54,858.91,861.66,
13-August-2020,864.66,870.86,863.30,869.35,
14-August-2020,871.66,876.69,862.73,867.19,
17-August-2020,869.96,873.97,863.08,872.76,
18-August-2020,877.28,879.83,874.05,874.96,
19-August-2020,880.36,881.26,871.87,872.68,
20-August-2020,871.49,876.01,868.76,873.85,
21-August-2020,878.25,882.73,877.96,879.93,
24-August-2020,883.86,885.59,879.81,880.59,
25-August-2020,885.41,885.71,878.06,881.88,
26-August-2020,884.03,885.28,879.49,881.56,
27-August-2020,884.70,885.96,880.21,881.57,
28-August-2020,884.56,886.33,874.03,874.69,
31-August-2020,880.15,880.91,847.93,851.05,
1-September-2020,851.43,863.56,849.13,861.72,
2-September-2020,861.76,871.69,861.03,868.78,
3-September-2020,870.62,876.95,870.34,875.28,
4-September-2020,863.09,871.53,859.99,861.77,
7-September-2020,862.18,867.09,857.21,863.22,
8-September-2020,865.31,867.59,856.59,858.27,
9-September-2020,855.09,863.50,852.14,862.75,
10-September-2020,866.80,869.35,863.11,868.59,
11-September-2020,869.77,874.51,866.70,873.85,
14-September-2020,879.89,890.16,879.60,885.18,
15-September-2020,887.68,895.20,886.98,892.31,
16-September-2020,896.08,896.22,889.04,894.66,
17-September-2020,892.81,898.24,890.63,894.62,
18-September-2020,900.41,915.23,900.39,911.69,
21-September-2020,915.91,916.29,886.36,893.82,
22-September-2020,896.30,897.19,872.50,886.97,
23-September-2020,891.81,893.33,875.74,880.20,
24-September-2020,874.58,874.58,858.54,861.72,
25-September-2020,866.75,879.81,866.75,876.91,
28-September-2020,885.79,892.66,880.47,890.45,
29-September-2020,893.86,896.77,884.33,885.54,
30-September-2020,887.75,893.06,884.76,891.62,
1-October-2020,898.69,899.34,894.45,895.57,
5-October-2020,900.20,904.97,898.15,903.68,
6-October-2020,909.87,910.26,902.93,903.48,
7-October-2020,905.60,906.82,900.26,901.18,
8-October-2020,908.08,909.62,903.85,908.12,
9-October-2020,909.79,911.40,904.41,906.53,
12-October-2020,910.70,910.70,902.18,904.72,
13-October-2020,903.98,911.60,902.26,903.96,
14-October-2020,903.00,903.04,893.44,895.80,
15-October-2020,897.82,898.82,887.63,888.68,
16-October-2020,891.51,894.89,886.37,893.54,
19-October-2020,895.78,899.78,894.16,898.35,
20-October-2020,900.39,904.04,897.60,902.17,
21-October-2020,908.04,908.16,894.99,900.67,
22-October-2020,901.40,905.11,896.92,903.66,
23-October-2020,907.81,912.68,906.76,907.84,
26-October-2020,910.36,910.83,896.34,898.87,
27-October-2020,898.95,917.97,898.79,916.08,
28-October-2020,917.39,917.56,907.24,908.32,
29-October-2020,902.94,909.29,900.19,906.45,
30-October-2020,910.85,913.80,902.28,903.78,
2-November-2020,908.22,908.25,895.08,896.12,
3-November-2020,900.84,906.31,899.73,900.91,
4-November-2020,903.57,911.27,901.74,906.56,
5-November-2020,911.88,917.84,911.71,917.47,
6-November-2020,917.95,924.56,917.70,921.86,
9-November-2020,930.10,930.90,925.57,928.63,
10-November-2020,928.45,928.56,911.96,913.64,
11-November-2020,916.30,922.79,912.12,921.78,
12-November-2020,920.58,926.74,920.48,923.04,
13-November-2020,923.57,926.57,921.36,925.57,
14-November-2020,931.09,931.94,926.82,928.74,
17-November-2020,930.98,933.71,928.03,930.33,
18-November-2020,931.81,932.54,925.10,931.86,
19-November-2020,931.36,939.23,929.19,933.84,
20-November-2020,937.35,947.59,937.12,946.60,
23-November-2020,952.94,958.29,950.92,956.50,
24-November-2020,961.09,961.56,956.31,958.74,
25-November-2020,960.68,962.98,939.87,942.10,
26-November-2020,946.09,953.92,942.37,952.13,
27-November-2020,955.95,958.34,947.40,952.04,
1-December-2020,963.61,964.92,954.82,964.15,
2-December-2020,965.70,972.34,963.75,971.63,
3-December-2020,977.91,978.81,973.60,978.20,
4-December-2020,981.80,985.71,979.35,985.01,
7-December-2020,986.06,995.15,985.39,994.41,
8-December-2020,997.37,1001.03,987.29,992.02,
9-December-2020,996.72,999.38,995.92,998.35,
10-December-2020,998.61,1000.26,990.27,998.43,
11-December-2020,999.83,1005.25,994.28,1000.65,
14-December-2020,1003.63,1007.73,1002.92,1006.19,
15-December-2020,1008.09,1008.14,1002.03,1003.47,
16-December-2020,1007.02,1015.83,1006.78,1014.52,
17-December-2020,1015.75,1021.63,1013.38,1015.16,
18-December-2020,1018.69,1023.26,1014.27,1022.20,
21-December-2020,1020.17,1020.26,971.71,987.60,
22-December-2020,980.08,1001.08,970.97,999.09,
23-December-2020,1003.69,1012.39,1000.18,1011.12,
24-December-2020,1016.03,1018.62,1009.42,1014.03,
28-December-2020,1018.25,1023.57,1017.09,1022.56,
29-December-2020,1026.48,1027.35,1018.09,1021.19,
30-December-2020,1025.87,1025.97,1018.13,1023.89,
31-December-2020,1024.45,1027.40,1023.00,1025.36,
1-January-2021,1028.00,1035.31,1026.57,1032.16,
4-January-2021,1037.16,1041.96,1030.84,1041.01,
5-January-2021,1037.47,1048.59,1035.01,1047.45,
6-January-2021,1048.61,1053.14,1040.81,1048.12,
7-January-2021,1053.06,1055.11,1046.88,1047.99,
8-January-2021,1053.18,1067.59,1053.18,1066.50,
11-January-2021,1072.38,1077.76,1068.38,1076.35,
12-January-2021,1077.69,1077.69,1071.03,1072.20,
13-January-2021,1077.31,1078.05,1061.02,1068.85,
14-January-2021,1071.56,1072.76,1062.47,1071.10,
15-January-2021,1074.26,1075.08,1051.95,1055.31,
18-January-2021,1055.23,1057.68,1037.31,1040.88,
19-January-2021,1044.50,1058.29,1044.34,1057.13,
20-January-2021,1060.44,1065.89,1058.96,1063.32,
21-January-2021,1070.98,1074.79,1058.52,1062.70,
22-January-2021,1066.35,1070.12,1057.29,1059.86,
25-January-2021,1069.18,1070.55,1043.71,1052.84,
27-January-2021,1056.69,1056.69,1043.58,1050.34,
28-January-2021,1040.92,1048.43,1038.45,1042.28,
29-January-2021,1050.16,1050.16,1026.52,1029.12,
1-February-2021,1032.23,1037.74,1019.71,1035.75,
2-February-2021,1044.19,1056.41,1043.93,1055.19,
3-February-2021,1061.62,1070.49,1055.20,1062.30,
4-February-2021,1069.20,1072.47,1062.81,1069.03,
5-February-2021,1074.59,1074.87,1061.11,1065.24,
8-February-2021,1073.35,1073.67,1066.96,1069.08,
9-February-2021,1072.82,1077.28,1065.29,1067.95,
10-February-2021,1071.80,1073.42,1061.24,1069.50,
11-February-2021,1069.31,1071.76,1065.91,1067.32,
12-February-2021,1072.95,1073.27,1058.49,1063.61,
15-February-2021,1069.93,1070.26,1060.03,1060.98,
16-February-2021,1063.80,1065.60,1058.55,1064.21,
17-February-2021,1064.56,1065.80,1055.43,1057.51,
18-February-2021,1064.51,1067.67,1059.88,1064.04,
19-February-2021,1063.92,1067.98,1055.87,1060.89,
22-February-2021,1063.48,1067.19,1035.61,1039.83,
23-February-2021,1046.04,1048.60,1036.46,1042.78,
24-February-2021,1050.51,1051.41,1038.95,1046.93,
25-February-2021,1054.99,1055.09,1049.95,1053.20,
26-February-2021,1046.54,1055.13,1031.87,1036.45,
1-March-2021,1048.36,1053.63,1042.85,1051.30,
2-March-2021,1057.91,1068.38,1054.54,1066.61,
3-March-2021,1073.77,1076.08,1069.99,1075.43,
4-March-2021,1069.35,1082.60,1066.20,1077.52,
5-March-2021,1075.04,1077.81,1063.09,1065.28,
8-March-2021,1070.52,1076.42,1065.54,1067.75,
9-March-2021,1070.02,1076.13,1060.58,1067.78,
10-March-2021,1073.07,1076.27,1070.14,1072.77,
12-March-2021,1075.04,1078.79,1062.33,1066.18,
15-March-2021,1067.42,1069.60,1051.58,1059.32,
16-March-2021,1061.67,1066.14,1059.44,1063.48,
17-March-2021,1063.57,1065.42,1046.13,1048.29,
18-March-2021,1052.06,1057.28,1032.82,1036.42,
19-March-2021,1032.74,1049.40,1017.85,1048.33,
22-March-2021,1049.65,1055.18,1045.33,1054.41,
23-March-2021,1055.70,1058.97,1052.53,1055.39,
24-March-2021,1054.11,1057.74,1046.80,1048.68,
25-March-2021,1049.77,1050.13,1034.96,1037.07,
26-March-2021,1042.41,1052.53,1040.04,1051.39,
30-March-2021,1053.41,1072.96,1053.41,1071.84,
31-March-2021,1072.90,1074.45,1069.28,1072.15,
1-April-2021,1075.84,1077.28,1069.02,1070.58,
5-April-2021,1069.48,1070.10,1049.59,1055.91,
6-April-2021,1059.64,1063.53,1055.61,1060.27,
7-April-2021,1063.51,1072.75,1062.08,1068.47,
8-April-2021,1071.38,1078.22,1070.56,1074.57,
9-April-2021,1077.34,1079.17,1073.92,1077.02,
12-April-2021,1070.56,1070.91,1047.87,1049.87,
13-April-2021,1050.10,1057.59,1048.82,1052.26,
15-April-2021,1053.09,1059.50,1047.13,1057.45,
16-April-2021,1059.97,1069.38,1058.76,1067.99,
19-April-2021,1056.19,1056.19,1043.72,1051.53,
20-April-2021,1057.05,1061.97,1044.59,1048.40,
22-April-2021,1048.10,1051.76,1043.15,1049.18,
23-April-2021,1051.27,1053.46,1044.63,1047.73,
26-April-2021,1052.79,1053.39,1047.38,1048.78,
27-April-2021,1050.82,1052.39,1048.09,1051.61,
28-April-2021,1055.07,1060.93,1054.92,1058.72,
29-April-2021,1065.71,1066.87,1054.56,1055.55,
30-April-2021,1055.07,1059.62,1052.61,1054.48,
3-May-2021,1054.43,1064.51,1051.02,1062.96,
4-May-2021,1066.84,1070.28,1059.35,1060.62,
5-May-2021,1065.62,1067.55,1061.48,1063.72,
6-May-2021,1070.82,1071.48,1064.40,1067.19,
7-May-2021,1071.03,1071.92,1067.62,1069.83,
10-May-2021,1073.75,1083.92,1073.75,1082.44,
11-May-2021,1081.86,1089.60,1077.98,1088.90,
12-May-2021,1096.03,1106.82,1095.20,1098.74,
14-May-2021,1104.94,1106.35,1095.58,1098.93,
17-May-2021,1104.98,1108.19,1098.44,1106.65,
18-May-2021,1111.52,1114.53,1108.05,1109.89,
19-May-2021,1114.28,1118.03,1110.37,1115.95,
20-May-2021,1119.59,1120.93,1107.87,1109.58,
21-May-2021,1115.10,1118.18,1113.69,1114.70,
24-May-2021,1116.74,1121.62,1115.39,1119.46,
25-May-2021,1126.82,1129.69,1121.92,1124.29,
26-May-2021,1128.19,1129.03,1123.86,1124.96,
27-May-2021,1130.76,1130.76,1122.89,1128.24,
28-May-2021,1132.56,1134.54,1124.55,1125.99,
31-May-2021,1128.84,1136.09,1127.64,1134.09,
1-June-2021,1137.05,1138.86,1131.66,1133.97,
2-June-2021,1136.29,1141.19,1132.70,1140.28,
3-June-2021,1143.99,1148.08,1143.21,1147.14,
4-June-2021,1150.27,1151.62,1143.58,1145.00,
7-June-2021,1150.68,1158.22,1145.63,1156.91,
8-June-2021,1159.89,1163.57,1158.82,1162.14,
9-June-2021,1166.57,1174.81,1157.77,1163.15,
10-June-2021,1168.27,1174.87,1164.99,1172.36,
11-June-2021,1177.37,1177.79,1171.28,1176.83,
14-June-2021,1177.83,1183.81,1161.71,1181.81,
15-June-2021,1184.93,1192.15,1183.99,1188.53,
16-June-2021,1190.47,1190.54,1183.16,1185.64,
17-June-2021,1184.76,1189.39,1178.80,1182.32,
18-June-2021,1186.64,1187.75,1161.25,1177.96,
21-June-2021,1173.08,1184.90,1169.75,1183.73,
22-June-2021,1188.19,1193.28,1183.60,1185.28,
23-June-2021,1191.76,1191.76,1183.48,1184.84,
24-June-2021,1188.20,1189.34,1178.68,1181.69,
25-June-2021,1186.15,1186.15,1175.92,1177.34,
28-June-2021,1181.81,1184.20,1178.46,1179.84,
29-June-2021,1182.23,1189.87,1180.98,1183.80,
30-June-2021,1190.55,1190.64,1179.73,1181.37,
1-July-2021,1184.88,1188.76,1183.01,1186.66,
2-July-2021,1191.15,1191.15,1184.66,1187.67,
5-July-2021,1193.97,1199.36,1191.00,1194.96,
6-July-2021,1195.22,1198.82,1192.09,1194.22,
7-July-2021,1195.60,1200.17,1193.02,1198.67,
8-July-2021,1198.70,1202.45,1191.51,1193.10,
9-July-2021,1192.57,1196.35,1191.46,1193.78,
12-July-2021,1197.94,1200.54,1193.34,1195.33,
13-July-2021,1198.94,1200.30,1197.13,1198.92,
14-July-2021,1200.81,1203.93,1198.22,1199.20,
15-July-2021,1201.78,1203.77,1197.24,1198.15,
16-July-2021,1200.56,1206.13,1200.26,1204.02,
19-July-2021,1199.56,1214.95,1196.55,1211.06,
20-July-2021,1217.09,1217.86,1203.19,1209.72,
22-July-2021,1215.88,1220.10,1213.39,1215.44,
23-July-2021,1218.64,1221.26,1212.47,1217.30,
26-July-2021,1218.35,1222.16,1215.18,1219.89,
27-July-2021,1224.69,1224.98,1203.23,1206.33,
28-July-2021,1210.07,1210.31,1193.68,1202.16,
29-July-2021,1205.80,1206.86,1193.70,1194.76,
30-July-2021,1197.91,1205.18,1194.12,1202.78,
2-August-2021,1207.21,1213.02,1206.56,1209.28,
3-August-2021,1214.00,1223.69,1212.07,1222.59,
4-August-2021,1226.39,1228.85,1209.18,1210.89,
5-August-2021,1215.03,1216.03,1203.34,1205.95,
6-August-2021,1208.84,1210.39,1202.51,1204.07,
9-August-2021,1209.75,1209.79,1196.74,1200.51,
10-August-2021,1203.51,1203.64,1188.89,1197.36,
11-August-2021,1197.73,1201.47,1185.13,1199.10,
12-August-2021,1201.48,1205.56,1198.78,1203.00,
13-August-2021,1206.06,1210.82,1203.40,1205.97,
16-August-2021,1205.68,1208.44,1201.49,1207.11,
17-August-2021,1207.94,1218.17,1207.94,1215.46,
18-August-2021,1217.57,1223.77,1215.51,1219.00,
20-August-2021,1216.74,1225.57,1209.31,1220.87,
23-August-2021,1227.64,1229.66,1210.02,1212.07,
24-August-2021,1213.92,1216.23,1207.86,1210.74,
25-August-2021,1213.81,1216.72,1209.95,1213.94,
26-August-2021,1217.46,1221.64,1213.84,1215.59,
27-August-2021,1219.91,1226.32,1215.13,1225.49,
30-August-2021,1229.27,1241.92,1229.15,1240.37,
31-August-2021,1245.37,1250.36,1240.36,1248.91,
1-September-2021,1253.29,1261.66,1252.42,1260.08,
2-September-2021,1265.68,1275.80,1262.66,1273.02,
3-September-2021,1281.20,1282.49,1271.61,1275.01,
6-September-2021,1280.64,1281.03,1269.56,1270.36,
7-September-2021,1274.37,1276.42,1268.17,1270.04,
8-September-2021,1272.44,1272.44,1261.90,1268.89,
9-September-2021,1269.33,1278.80,1267.61,1277.31,
13-September-2021,1279.82,1285.17,1275.45,1284.31,
14-September-2021,1287.70,1289.24,1282.29,1282.91,
15-September-2021,1287.02,1290.82,1283.99,1288.37,
16-September-2021,1293.78,1294.13,1287.26,1288.54,
17-September-2021,1292.03,1295.37,1275.04,1277.65,
20-September-2021,1274.99,1283.58,1269.25,1271.70,
21-September-2021,1270.98,1276.01,1265.76,1275.07,
22-September-2021,1278.97,1281.72,1277.08,1277.86,
23-September-2021,1283.99,1286.00,1281.38,1283.87,
24-September-2021,1287.77,1290.29,1280.89,1281.93,
27-September-2021,1287.10,1288.82,1275.83,1279.68,
28-September-2021,1284.36,1284.45,1268.36,1274.64,
29-September-2021,1271.88,1275.54,1269.33,1270.61,
30-September-2021,1275.51,1275.51,1265.87,1266.93,
1-October-2021,1264.25,1270.98,1259.65,1269.79,
4-October-2021,1274.85,1283.91,1273.67,1279.70,
5-October-2021,1280.75,1282.59,1277.42,1281.76,
6-October-2021,1285.78,1287.20,1270.58,1272.46,
7-October-2021,1282.21,1283.44,1277.30,1277.79,
8-October-2021,1283.58,1284.25,1274.58,1275.40,
11-October-2021,1277.36,1284.92,1275.20,1279.27,
12-October-2021,1282.01,1287.90,1280.27,1285.36,
13-October-2021,1291.03,1292.09,1284.10,1285.18,
14-October-2021,1290.94,1296.07,1287.43,1288.27,
18-October-2021,1296.71,1300.72,1292.73,1294.27,
19-October-2021,1298.17,1300.60,1274.67,1277.04,
20-October-2021,1277.81,1278.79,1256.46,1259.79,
21-October-2021,1265.41,1266.60,1243.27,1247.83,
22-October-2021,1250.90,1256.21,1231.35,1237.56,
25-October-2021,1239.67,1239.67,1213.93,1223.93,
26-October-2021,1225.40,1233.61,1224.17,1231.04,
27-October-2021,1235.84,1242.36,1234.40,1235.77,
28-October-2021,1239.45,1239.45,1218.56,1221.08,
29-October-2021,1222.98,1229.22,1210.97,1218.04,
1-November-2021,1221.09,1238.66,1220.18,1237.59,
2-November-2021,1242.78,1243.30,1233.37,1236.40,
3-November-2021,1239.56,1241.09,1224.90,1229.45,
4-November-2021,1240.13,1240.25,1237.90,1238.68,
8-November-2021,1241.88,1243.84,1230.15,1242.88,
9-November-2021,1244.41,1246.17,1239.36,1242.10,
10-November-2021,1241.15,1241.15,1235.89,1237.67,
11-November-2021,1236.79,1237.82,1227.90,1231.93,
12-November-2021,1237.44,1238.43,1231.10,1235.96,
15-November-2021,1239.74,1242.39,1237.34,1240.36,
16-November-2021,1243.96,1245.46,1238.66,1240.79,
17-November-2021,1239.69,1243.43,1235.25,1236.83,
18-November-2021,1237.41,1239.05,1222.17,1227.85,
22-November-2021,1230.14,1231.30,1201.06,1204.45,
23-November-2021,1201.35,1213.63,1195.64,1211.05,
24-November-2021,1214.39,1216.33,1197.12,1200.81,
25-November-2021,1203.48,1207.19,1196.34,1205.72,
26-November-2021,1201.29,1206.10,1192.20,1194.08,
29-November-2021,1183.62,1191.33,1170.80,1185.86,
30-November-2021,1186.38,1198.20,1185.13,1189.84,
1-December-2021,1194.57,1198.06,1183.87,1186.44,
2-December-2021,1189.30,1200.42,1187.63,1199.64,
3-December-2021,1202.51,1204.75,1191.81,1192.49,
6-December-2021,1197.13,1197.18,1179.07,1180.11,
7-December-2021,1184.99,1195.04,1183.18,1192.11,
8-December-2021,1199.50,1206.54,1198.07,1205.93,
9-December-2021,1210.50,1210.76,1199.75,1207.41,
10-December-2021,1207.72,1210.33,1204.65,1208.04,
13-December-2021,1213.75,1215.89,1199.93,1200.94,
14-December-2021,1198.20,1202.51,1195.96,1200.75,
15-December-2021,1201.08,1202.32,1194.14,1195.86,
16-December-2021,1198.45,1201.79,1188.83,1190.53,
17-December-2021,1192.10,1192.22,1175.74,1178.85,
20-December-2021,1174.41,1174.84,1146.44,1158.37,
21-December-2021,1165.95,1174.35,1162.05,1167.37,
22-December-2021,1170.97,1173.49,1168.30,1172.81,
23-December-2021,1177.40,1185.68,1176.76,1184.16,
24-December-2021,1189.41,1189.46,1176.80,1177.47,
27-December-2021,1176.15,1182.03,1169.09,1179.78,
28-December-2021,1183.35,1191.00,1183.02,1189.94,
29-December-2021,1192.18,1194.14,1188.44,1191.54,
30-December-2021,1192.39,1197.65,1190.88,1195.42,
31-December-2021,1196.52,1209.03,1196.31,1207.42,
3-January-2022,1210.15,1214.96,1209.22,1211.88,
4-January-2022,1215.17,1217.04,1209.20,1214.96,
5-January-2022,1217.11,1218.15,1213.13,1216.57,
6-January-2022,1212.02,1214.22,1207.16,1213.25,
7-January-2022,1215.76,1220.09,1214.38,1218.38,
10-January-2022,1223.93,1230.28,1223.30,1225.83,
11-January-2022,1225.47,1229.79,1224.06,1225.02,
12-January-2022,1228.51,1228.86,1224.14,1226.86,
13-January-2022,1230.81,1231.26,1223.49,1227.88,
14-January-2022,1228.31,1230.40,1222.82,1226.35,
17-January-2022,1229.26,1236.31,1226.97,1233.83,
18-January-2022,1236.96,1236.97,1216.00,1217.39,
19-January-2022,1216.53,1218.32,1206.78,1209.00,
20-January-2022,1209.88,1211.98,1195.76,1198.90,
21-January-2022,1195.76,1201.99,1189.86,1198.10,
24-January-2022,1201.33,1201.36,1165.12,1172.72,
25-January-2022,1168.19,1184.86,1152.75,1182.68,
27-January-2022,1173.88,1173.98,1153.72,1162.02,
28-January-2022,1167.36,1179.84,1164.21,1165.23,
31-January-2022,1175.75,1177.80,1171.66,1174.32,
1-February-2022,1185.74,1186.07,1170.19,1182.18,
2-February-2022,1188.63,1193.50,1186.55,1192.43,
3-February-2022,1193.77,1194.52,1183.37,1185.37,
4-February-2022,1194.14,1194.44,1179.42,1181.34,
7-February-2022,1180.91,1182.07,1158.10,1163.13,
8-February-2022,1165.07,1167.33,1155.28,1160.70,
9-February-2022,1165.64,1174.05,1163.98,1173.47,
10-February-2022,1177.64,1177.71,1166.63,1174.41,
11-February-2022,1169.73,1169.73,1160.58,1163.93,
14-February-2022,1146.33,1149.78,1133.74,1136.11,
15-February-2022,1138.38,1160.97,1136.00,1159.91,
16-February-2022,1164.76,1169.92,1159.89,1163.54,
17-February-2022,1165.33,1169.31,1158.90,1161.88,
18-February-2022,1156.12,1163.51,1155.72,1159.16,
21-February-2022,1155.85,1158.98,1144.94,1152.22,
22-February-2022,1131.66,1143.83,1130.93,1142.41,
23-February-2022,1144.39,1152.53,1142.02,1143.67,
24-February-2022,1120.02,1123.72,1094.21,1096.13,
25-February-2022,1104.43,1123.87,1104.43,1121.89,
28-February-2022,1117.02,1131.65,1102.23,1130.51,
2-March-2022,1123.00,1127.83,1116.37,1126.35,
3-March-2022,1134.44,1135.22,1115.61,1117.86,
4-March-2022,1113.19,1113.19,1092.37,1100.11,
7-March-2022,1083.64,1084.29,1069.55,1078.16,
8-March-2022,1073.75,1093.15,1073.04,1092.19,
9-March-2022,1098.86,1108.35,1092.53,1104.60,
10-March-2022,1122.89,1125.00,1113.92,1121.29,
11-March-2022,1122.19,1125.72,1117.33,1123.01,
14-March-2022,1125.10,1127.54,1116.42,1125.91,
15-March-2022,1128.64,1137.84,1123.49,1126.90,
16-March-2022,1136.32,1144.24,1132.87,1143.01,
17-March-2022,1151.69,1158.58,1150.52,1153.57,
21-March-2022,1158.10,1158.10,1137.05,1138.65,
22-March-2022,1140.20,1140.20,1120.49,1134.88,
23-March-2022,1139.77,1140.53,1128.42,1130.40,
24-March-2022,1128.92,1135.41,1125.72,1128.71,
25-March-2022,1131.06,1131.66,1119.79,1124.07,
28-March-2022,1124.18,1126.82,1108.55,1116.77,
29-March-2022,1121.74,1125.83,1120.19,1122.71,
30-March-2022,1128.27,1132.70,1127.09,1131.50,
31-March-2022,1135.10,1139.41,1132.72,1137.42,
1-April-2022,1138.86,1148.95,1133.06,1147.80,
4-April-2022,1156.18,1160.81,1151.68,1159.52,
5-April-2022,1165.61,1171.31,1161.40,1166.55,
6-April-2022,1164.54,1164.54,1157.21,1160.66,
7-April-2022,1161.28,1167.14,1158.09,1159.21,
8-April-2022,1161.74,1169.06,1157.49,1168.55,
11-April-2022,1169.79,1171.05,1162.58,1166.20,
12-April-2022,1164.51,1164.51,1152.88,1157.11,
13-April-2022,1159.59,1162.92,1154.10,1155.77,
18-April-2022,1149.11,1153.85,1144.33,1151.96,
19-April-2022,1154.83,1161.54,1123.45,1130.61,
20-April-2022,1134.67,1144.34,1131.79,1142.72,
21-April-2022,1146.84,1154.68,1146.12,1153.89,
22-April-2022,1152.04,1153.36,1144.79,1147.19,
25-April-2022,1139.06,1139.06,1129.03,1132.45,
26-April-2022,1138.62,1149.10,1138.58,1147.75,
27-April-2022,1143.83,1146.71,1137.57,1144.94,
28-April-2022,1151.97,1161.56,1147.41,1158.78,
29-April-2022,1161.10,1164.43,1148.76,1150.72,
2-May-2022,1145.46,1147.79,1139.69,1146.66,
4-May-2022,1147.68,1155.34,1125.02,1128.76,
5-May-2022,1134.71,1138.53,1121.14,1123.24,
6-May-2022,1108.13,1116.10,1105.09,1109.40,
9-May-2022,1107.14,1107.14,1097.30,1101.95,
10-May-2022,1102.92,1109.08,1095.30,1097.58,
11-May-2022,1097.48,1100.19,1081.66,1093.70,
12-May-2022,1087.01,1087.64,1071.89,1079.46,
13-May-2022,1084.98,1101.17,1084.57,1086.90,
16-May-2022,1095.30,1095.62,1083.93,1088.28,
17-May-2022,1094.42,1104.53,1088.74,1101.44,
18-May-2022,1106.44,1112.90,1105.81,1111.10,
19-May-2022,1094.11,1099.76,1088.31,1091.55,
20-May-2022,1100.00,1117.52,1099.99,1116.06,
23-May-2022,1119.84,1126.65,1116.05,1117.42,
24-May-2022,1119.03,1120.15,1108.86,1111.49,
25-May-2022,1116.66,1119.91,1105.33,1107.76,
26-May-2022,1109.83,1117.57,1097.63,1116.02,
27-May-2022,1121.52,1126.01,1117.85,1124.78,
30-May-2022,1131.16,1143.20,1131.16,1142.07,
31-May-2022,1143.62,1154.72,1137.83,1151.02,
1-June-2022,1151.84,1157.17,1137.14,1139.85,
2-June-2022,1139.79,1142.49,1130.88,1141.47,
3-June-2022,1146.47,1148.38,1133.47,1134.77,
6-June-2022,1133.79,1135.19,1124.14,1131.58,
7-June-2022,1127.68,1127.68,1114.61,1119.27,
8-June-2022,1122.74,1122.77,1108.32,1113.93,
9-June-2022,1109.98,1118.87,1105.35,1118.32,
10-June-2022,1112.71,1115.75,1109.89,1113.78,
13-June-2022,1099.82,1104.51,1095.74,1098.44,
14-June-2022,1096.74,1103.16,1092.15,1094.63,
15-June-2022,1096.65,1099.43,1092.93,1094.84,
16-June-2022,1101.10,1101.52,1077.81,1080.98,
17-June-2022,1078.44,1078.64,1061.35,1063.43,
20-June-2022,1064.03,1072.29,1060.33,1068.35,
21-June-2022,1072.83,1087.35,1072.27,1084.93,
22-June-2022,1084.94,1085.39,1073.15,1074.11,
23-June-2022,1078.23,1088.03,1076.41,1086.62,
24-June-2022,1090.17,1098.55,1089.99,1093.94,
27-June-2022,1101.18,1105.19,1098.78,1100.62,
28-June-2022,1099.38,1104.67,1092.82,1103.74,
29-June-2022,1098.31,1099.39,1091.76,1094.02,
30-June-2022,1092.67,1096.44,1087.26,1089.81,
1-July-2022,1088.24,1111.17,1084.69,1108.82,
4-July-2022,1110.68,1120.23,1107.40,1119.56,
5-July-2022,1124.14,1125.77,1115.30,1116.24,
6-July-2022,1117.29,1138.17,1116.40,1136.27,
7-July-2022,1142.29,1148.05,1140.02,1141.17,
8-July-2022,1145.32,1147.02,1140.24,1144.03,
11-July-2022,1144.17,1149.67,1139.72,1148.79,
12-July-2022,1148.89,1149.07,1136.15,1137.65,
13-July-2022,1142.31,1146.79,1141.26,1142.43,
14-July-2022,1143.65,1149.41,1135.88,1142.50,
15-July-2022,1145.58,1153.70,1145.27,1152.89,
18-July-2022,1157.51,1161.19,1153.75,1155.05,
19-July-2022,1154.34,1155.89,1150.18,1153.89,
20-July-2022,1159.63,1164.22,1158.55,1159.94,
21-July-2022,1160.98,1170.94,1160.13,1169.76,
22-July-2022,1172.34,1174.57,1166.83,1171.04,
25-July-2022,1172.28,1173.05,1161.97,1164.58,
26-July-2022,1166.47,1166.47,1148.97,1149.81,
27-July-2022,1148.82,1161.61,1147.13,1160.17,
28-July-2022,1164.24,1170.21,1159.08,1169.04,
29-July-2022,1174.55,1184.77,1173.85,1183.52,
1-August-2022,1189.19,1194.09,1185.03,1193.17,
2-August-2022,1196.21,1201.15,1192.37,1199.20,
3-August-2022,1200.52,1201.75,1189.64,1196.31,
4-August-2022,1197.78,1202.32,1187.30,1200.84,
5-August-2022,1204.60,1209.18,1201.02,1202.20,
8-August-2022,1201.89,1203.48,1198.22,1201.43,
10-August-2022,1202.32,1206.30,1194.29,1197.54,
11-August-2022,1203.56,1205.10,1195.06,1196.75,
12-August-2022,1198.14,1198.16,1191.63,1196.76,
16-August-2022,1198.42,1212.27,1198.39,1209.69,
17-August-2022,1211.98,1218.33,1211.83,1217.65,
18-August-2022,1216.01,1220.95,1213.75,1218.57,
19-August-2022,1218.70,1221.74,1205.65,1208.12,
22-August-2022,1202.69,1203.77,1195.56,1197.08,
23-August-2022,1187.40,1202.31,1187.15,1199.83,
24-August-2022,1198.99,1202.92,1193.56,1198.80,
25-August-2022,1201.42,1205.44,1193.35,1195.23,
26-August-2022,1198.35,1203.86,1195.92,1196.55,
29-August-2022,1178.63,1197.39,1178.01,1195.25,
30-August-2022,1197.36,1214.86,1197.36,1213.98,
1-September-2022,1204.51,1213.23,1204.26,1208.66,
2-September-2022,1211.74,1214.84,1205.06,1206.12,
5-September-2022,1206.70,1211.45,1204.61,1209.95,
6-September-2022,1210.99,1215.17,1205.67,1207.91,
7-September-2022,1202.26,1212.46,1201.95,1211.55,
8-September-2022,1216.61,1220.02,1212.56,1216.49,
9-September-2022,1221.44,1223.41,1214.05,1215.34,
12-September-2022,1215.68,1222.73,1215.68,1220.88,
13-September-2022,1224.05,1227.86,1224.05,1225.43,
14-September-2022,1208.28,1222.82,1208.28,1218.14,
15-September-2022,1217.55,1223.40,1209.87,1213.30,
16-September-2022,1210.54,1212.53,1174.64,1178.59,
19-September-2022,1179.05,1182.79,1167.90,1180.00,
20-September-2022,1186.71,1198.72,1186.71,1194.44,
21-September-2022,1191.62,1201.10,1185.98,1187.11,
22-September-2022,1182.77,1193.96,1181.02,1190.52,
23-September-2022,1190.42,1193.25,1178.17,1179.40,
26-September-2022,1170.26,1175.02,1161.44,1161.96,
27-September-2022,1165.30,1175.72,1163.11,1167.33,
28-September-2022,1162.82,1175.55,1161.35,1168.29,
29-September-2022,1171.77,1176.04,1162.94,1171.31,
30-September-2022,1169.22,1179.50,1165.98,1177.66,
3-October-2022,1176.00,1179.52,1163.03,1164.73,
4-October-2022,1175.02,1180.61,1175.02,1180.10,
6-October-2022,1184.43,1188.96,1178.52,1178.92,
7-October-2022,1175.21,1179.01,1170.23,1175.50,
10-October-2022,1163.52,1173.40,1160.57,1172.26,
11-October-2022,1172.45,1174.06,1154.82,1156.41,
12-October-2022,1156.92,1166.87,1155.81,1165.49,
13-October-2022,1163.11,1168.18,1158.68,1160.04,
14-October-2022,1170.89,1174.03,1164.37,1165.30,
17-October-2022,1162.93,1171.70,1162.76,1169.86,
18-October-2022,1173.54,1179.23,1173.54,1178.37,
19-October-2022,1181.11,1182.34,1174.99,1177.01,
20-October-2022,1173.94,1186.56,1173.47,1185.15,
21-October-2022,1184.04,1190.60,1179.66,1182.42,
24-October-2022,1187.73,1193.51,1187.54,1189.87,
25-October-2022,1190.68,1193.62,1187.72,1189.81,
27-October-2022,1192.77,1198.82,1191.64,1196.78,
28-October-2022,1195.80,1200.44,1194.28,1199.31,
31-October-2022,1203.44,1210.53,1203.44,1209.03,
1-November-2022,1211.16,1219.58,1210.38,1218.56,
2-November-2022,1218.63,1221.50,1215.25,1218.44,
3-November-2022,1214.03,1221.71,1212.95,1219.16,
4-November-2022,1215.31,1222.26,1215.29,1220.50,
7-November-2022,1222.11,1229.21,1220.18,1227.50,
9-November-2022,1227.12,1231.53,1216.95,1219.71,
10-November-2022,1214.57,1222.33,1210.65,1214.61,
11-November-2022,1223.00,1227.57,1217.31,1219.25,
14-November-2022,1217.38,1224.08,1216.52,1220.10,
15-November-2022,1223.13,1226.25,1219.84,1225.34,
16-November-2022,1221.34,1232.85,1221.34,1231.80,
17-November-2022,1231.36,1237.89,1230.60,1233.14,
18-November-2022,1234.40,1236.60,1221.24,1227.94,
21-November-2022,1223.69,1225.57,1219.38,1223.48,
22-November-2022,1221.80,1230.72,1221.80,1229.22,
23-November-2022,1231.89,1233.57,1229.37,1230.90,
24-November-2022,1230.82,1243.64,1230.82,1241.72,
25-November-2022,1243.50,1248.51,1240.95,1247.38,
28-November-2022,1248.74,1260.63,1248.00,1254.43,
29-November-2022,1253.55,1270.91,1253.43,1268.92,
30-November-2022,1271.08,1277.90,1268.55,1274.32,
1-December-2022,1277.16,1280.30,1272.37,1277.42,
2-December-2022,1275.18,1277.94,1271.65,1276.09,
5-December-2022,1276.10,1279.04,1269.13,1273.56,
6-December-2022,1267.94,1271.63,1266.96,1270.29,
7-December-2022,1269.62,1278.64,1269.62,1272.11,
8-December-2022,1273.00,1277.63,1269.85,1272.05,
9-December-2022,1276.42,1279.60,1262.00,1269.49,
12-December-2022,1267.79,1278.97,1260.58,1277.20,
13-December-2022,1280.48,1281.27,1275.82,1279.55,
14-December-2022,1281.16,1282.63,1273.86,1276.47,
15-December-2022,1275.47,1277.03,1261.32,1263.14,
16-December-2022,1255.61,1263.96,1251.70,1252.90,
19-December-2022,1251.17,1262.76,1250.34,1261.83,
20-December-2022,1260.15,1263.04,1248.81,1261.36,
21-December-2022,1264.08,1268.42,1243.40,1249.55,
22-December-2022,1252.02,1258.09,1240.28,1245.30,
23-December-2022,1236.55,1240.83,1215.01,1216.77,
26-December-2022,1213.32,1232.12,1212.90,1230.31,
27-December-2022,1236.91,1240.28,1230.96,1237.56,
28-December-2022,1239.13,1242.04,1234.41,1239.79,
29-December-2022,1236.55,1242.04,1231.17,1240.14,
30-December-2022,1243.18,1246.34,1234.07,1235.45,
2-January-2023,1238.10,1239.71,1231.98,1238.60,
3-January-2023,1239.35,1247.12,1237.70,1244.90,
4-January-2023,1246.47,1248.59,1233.77,1236.11,
5-January-2023,1238.37,1247.75,1238.01,1246.42,
6-January-2023,1246.04,1249.05,1236.36,1239.87,
9-January-2023,1245.58,1252.64,1244.37,1248.89,
10-January-2023,1248.71,1249.90,1238.34,1240.88,
11-January-2023,1241.78,1243.05,1232.83,1234.13,
12-January-2023,1235.76,1237.37,1230.05,1236.21,
13-January-2023,1239.56,1244.09,1234.31,1242.17,
16-January-2023,1244.15,1245.97,1235.75,1237.48,
17-January-2023,1238.20,1245.30,1235.90,1244.35,
18-January-2023,1245.55,1252.12,1244.58,1251.57,
19-January-2023,1247.90,1251.35,1246.42,1248.35,
20-January-2023,1245.35,1248.81,1239.18,1239.86,
23-January-2023,1241.41,1245.00,1240.93,1244.29,
24-January-2023,1246.01,1248.68,1240.22,1241.68,
25-January-2023,1240.04,1242.20,1226.15,1227.67,
27-January-2023,1229.30,1236.01,1209.31,1217.89,
30-January-2023,1213.12,1223.94,1205.86,1214.11,
31-January-2023,1217.53,1219.92,1207.96,1218.28,
1-February-2023,1225.29,1232.18,1200.29,1214.27,
2-February-2023,1216.99,1222.59,1208.86,1218.66,
3-February-2023,1221.57,1224.80,1210.63,1223.83,
6-February-2023,1222.54,1225.52,1218.32,1224.08,
7-February-2023,1225.85,1228.30,1217.70,1222.56,
8-February-2023,1222.84,1231.92,1222.77,1231.21,
9-February-2023,1231.59,1232.33,1227.36,1229.16,
10-February-2023,1225.60,1231.37,1224.96,1228.94,
13-February-2023,1229.40,1230.60,1221.22,1224.55,
14-February-2023,1226.58,1227.00,1220.58,1224.95,
15-February-2023,1222.00,1231.77,1219.70,1230.48,
16-February-2023,1232.62,1234.65,1227.24,1229.54,
17-February-2023,1224.06,1227.96,1221.76,1223.42,
20-February-2023,1223.20,1225.02,1216.70,1218.00,
21-February-2023,1219.44,1221.81,1216.94,1217.45,
22-February-2023,1214.07,1215.71,1205.68,1207.02,
23-February-2023,1207.58,1210.92,1200.28,1204.56,
24-February-2023,1205.57,1208.88,1200.43,1203.74,
27-February-2023,1201.27,1202.05,1186.59,1191.30,
28-February-2023,1189.37,1195.83,1185.23,1189.05,
1-March-2023,1189.48,1195.89,1189.31,1194.00,
2-March-2023,1189.30,1198.07,1189.30,1195.58,
3-March-2023,1199.62,1206.35,1198.69,1203.98,
6-March-2023,1203.87,1213.09,1203.87,1207.31,
8-March-2023,1203.63,1213.77,1203.63,1212.82,
9-March-2023,1213.59,1215.26,1205.36,1206.44,
10-March-2023,1200.70,1204.56,1193.99,1203.28,
13-March-2023,1197.87,1207.09,1185.01,1187.20,
14-March-2023,1187.51,1191.96,1179.14,1181.98,
15-March-2023,1186.70,1189.68,1179.03,1179.98,
16-March-2023,1179.07,1189.38,1175.76,1186.60,
17-March-2023,1189.33,1193.40,1182.76,1185.32,
20-March-2023,1180.10,1185.73,1175.98,1184.17,
21-March-2023,1185.47,1188.49,1183.57,1186.01,
22-March-2023,1188.43,1192.55,1187.42,1191.71,
23-March-2023,1190.58,1193.37,1187.65,1190.10,
24-March-2023,1188.95,1191.86,1182.69,1183.74,
27-March-2023,1182.04,1192.01,1181.82,1186.18,
28-March-2023,1185.96,1187.93,1181.59,1185.36,
29-March-2023,1184.85,1194.58,1184.85,1192.24,
31-March-2023,1192.15,1210.21,1192.15,1208.84,
3-April-2023,1211.10,1212.91,1207.08,1211.30,
5-April-2023,1209.77,1222.31,1209.75,1221.27,
6-April-2023,1218.25,1222.43,1217.86,1219.58,
10-April-2023,1219.72,1223.81,1219.19,1221.28,
11-April-2023,1222.55,1229.12,1221.12,1223.03,
12-April-2023,1222.37,1227.31,1222.26,1226.16,
13-April-2023,1224.29,1227.58,1223.15,1223.81,
17-April-2023,1223.69,1224.73,1219.46,1222.87,
18-April-2023,1222.97,1229.20,1222.29,1227.72,
19-April-2023,1228.02,1228.15,1222.43,1224.21,
20-April-2023,1224.06,1228.58,1221.85,1223.86,
21-April-2023,1222.34,1230.29,1222.17,1229.33,
24-April-2023,1227.78,1233.01,1226.40,1232.54,
25-April-2023,1231.68,1233.13,1226.30,1231.82,
26-April-2023,1230.50,1234.59,1229.38,1233.19,
27-April-2023,1233.63,1240.75,1232.47,1239.81,
28-April-2023,1238.46,1253.60,1238.38,1252.42,
2-May-2023,1253.09,1259.43,1252.83,1253.83,
3-May-2023,1251.84,1257.52,1251.73,1255.99,
4-May-2023,1254.54,1260.70,1254.23,1259.35,
5-May-2023,1253.76,1260.86,1251.50,1252.35,
8-May-2023,1252.28,1262.58,1252.28,1261.53,
9-May-2023,1259.61,1262.21,1256.72,1259.50,
10-May-2023,1260.16,1262.95,1257.27,1261.00,
11-May-2023,1262.76,1263.27,1258.12,1260.89,
12-May-2023,1260.33,1263.93,1255.98,1256.91,
15-May-2023,1256.55,1265.07,1254.23,1261.70,
16-May-2023,1265.37,1266.87,1257.00,1258.07,
17-May-2023,1256.69,1260.02,1250.87,1254.97,
18-May-2023,1255.68,1259.49,1247.24,1247.87,
19-May-2023,1247.44,1250.17,1242.86,1247.40,
22-May-2023,1243.15,1253.35,1243.15,1252.89,
23-May-2023,1253.95,1257.18,1253.11,1254.04,
24-May-2023,1251.48,1260.07,1251.16,1256.14,
25-May-2023,1256.52,1264.04,1256.43,1262.19,
26-May-2023,1261.68,1273.47,1261.68,1272.73,
29-May-2023,1273.35,1278.25,1273.04,1274.31,
30-May-2023,1272.78,1278.05,1271.36,1276.70,
31-May-2023,1276.30,1287.88,1275.84,1284.15,
1-June-2023,1282.87,1289.92,1282.57,1285.35,
2-June-2023,1287.41,1292.24,1286.09,1291.01,
5-June-2023,1292.80,1297.79,1292.80,1294.41,
6-June-2023,1293.61,1294.84,1287.77,1293.23,
7-June-2023,1294.26,1303.36,1294.26,1302.29,
8-June-2023,1303.65,1304.11,1293.43,1294.12,
9-June-2023,1293.94,1298.69,1286.98,1287.93,
12-June-2023,1287.56,1296.04,1287.50,1294.85,
13-June-2023,1296.14,1307.24,1296.04,1305.53,
14-June-2023,1305.13,1310.31,1304.12,1309.05,
15-June-2023,1308.78,1315.36,1308.61,1310.50,
16-June-2023,1313.65,1320.29,1313.51,1318.95,
19-June-2023,1318.70,1323.02,1312.87,1313.70,
20-June-2023,1311.68,1321.02,1311.46,1319.50,
21-June-2023,1322.92,1325.07,1319.31,1320.76,
22-June-2023,1320.12,1321.01,1312.05,1312.39,
23-June-2023,1309.97,1311.68,1304.18,1308.84,
26-June-2023,1305.00,1316.92,1304.97,1315.55,
27-June-2023,1316.14,1320.09,1315.73,1317.63,
28-June-2023,1316.44,1329.93,1316.44,1328.01,
30-June-2023,1323.94,1336.06,1323.94,1335.29,
3-July-2023,1335.29,1339.31,1333.71,1335.11,
4-July-2023,1337.54,1340.31,1333.39,1339.34,
5-July-2023,1340.00,1353.19,1339.66,1352.18,
6-July-2023,1352.51,1359.85,1350.91,1358.59,
7-July-2023,1355.26,1360.70,1345.03,1346.38,
10-July-2023,1347.05,1349.28,1340.48,1341.94,
11-July-2023,1343.38,1357.71,1343.38,1355.15,
12-July-2023,1354.78,1357.44,1351.88,1354.28,
13-July-2023,1354.81,1360.76,1349.04,1350.73,
14-July-2023,1352.39,1362.25,1352.39,1360.74,
17-July-2023,1359.08,1371.19,1359.06,1365.72,
18-July-2023,1366.75,1369.68,1359.87,1365.97,
19-July-2023,1366.34,1371.07,1362.98,1368.67,
20-July-2023,1369.35,1378.34,1366.65,1376.80,
21-July-2023,1370.43,1376.95,1368.69,1372.12,
